distrito, concelho, freguesia, ano e mes, preco_m2
Lisboa,Lisboa,Ajuda,Dezembro 2019,4.251
Lisboa,Lisboa,Ajuda,Novembro 2019,4.230
Lisboa,Lisboa,Ajuda,Outubro 2019,4.128
Lisboa,Lisboa,Ajuda,Setembro 2019,4.007
Lisboa,Lisboa,Ajuda,Agosto 2019,4.037
Lisboa,Lisboa,Ajuda,Julho 2019,4.343
Lisboa,Lisboa,Ajuda,Junho 2019,4.110
Lisboa,Lisboa,Ajuda,Maio 2019,4.076
Lisboa,Lisboa,Ajuda,Abril 2019,3.994
Lisboa,Lisboa,Ajuda,Março 2019,4.080
Lisboa,Lisboa,Ajuda,Fevereiro 2019,4.001
Lisboa,Lisboa,Ajuda,Janeiro 2019,3.952
Lisboa,Lisboa,Ajuda,Dezembro 2018,3.887
Lisboa,Lisboa,Ajuda,Novembro 2018,3.838
Lisboa,Lisboa,Ajuda,Outubro 2018,3.857
Lisboa,Lisboa,Ajuda,Setembro 2018,3.965
Lisboa,Lisboa,Ajuda,Agosto 2018,4.129
Lisboa,Lisboa,Ajuda,Julho 2018,4.281
Lisboa,Lisboa,Ajuda,Junho 2018,4.100
Lisboa,Lisboa,Ajuda,Maio 2018,3.905
Lisboa,Lisboa,Ajuda,Abril 2018,3.666
Lisboa,Lisboa,Ajuda,Março 2018,3.581
Lisboa,Lisboa,Ajuda,Fevereiro 2018,3.621
Lisboa,Lisboa,Ajuda,Janeiro 2018,3.559
Lisboa,Lisboa,Ajuda,Dezembro 2017,3.567
Lisboa,Lisboa,Ajuda,Novembro 2017,3.405
Lisboa,Lisboa,Ajuda,Outubro 2017,3.151
Lisboa,Lisboa,Ajuda,Setembro 2017,3.219
Lisboa,Lisboa,Ajuda,Agosto 2017,3.316
Lisboa,Lisboa,Ajuda,Julho 2017,2.925
Lisboa,Lisboa,Ajuda,Junho 2017,2.841
Lisboa,Lisboa,Ajuda,Maio 2017,2.889
Lisboa,Lisboa,Ajuda,Abril 2017,2.748
Lisboa,Lisboa,Ajuda,Março 2017,2.604
Lisboa,Lisboa,Ajuda,Fevereiro 2017,2.411
Lisboa,Lisboa,Ajuda,Janeiro 2017,2.533
Lisboa,Lisboa,Ajuda,Dezembro 2016,2.373
Lisboa,Lisboa,Ajuda,Novembro 2016,2.311
Lisboa,Lisboa,Ajuda,Outubro 2016,2.293
Lisboa,Lisboa,Ajuda,Setembro 2016,2.242
Lisboa,Lisboa,Ajuda,Agosto 2016,2.025
Lisboa,Lisboa,Ajuda,Julho 2016,1.934
Lisboa,Lisboa,Ajuda,Junho 2016,1.881
Lisboa,Lisboa,Ajuda,Maio 2016,1.884
Lisboa,Lisboa,Ajuda,Abril 2016,1.897
Lisboa,Lisboa,Ajuda,Março 2016,1.824
Lisboa,Lisboa,Ajuda,Fevereiro 2016,1.783
Lisboa,Lisboa,Ajuda,Janeiro 2016,1.644
Lisboa,Lisboa,Ajuda,Dezembro 2015,1.665
Lisboa,Lisboa,Ajuda,Novembro 2015,1.669
Lisboa,Lisboa,Ajuda,Outubro 2015,1.623
Lisboa,Lisboa,Ajuda,Setembro 2015,1.570
Lisboa,Lisboa,Ajuda,Agosto 2015,1.516
Lisboa,Lisboa,Ajuda,Julho 2015,1.546
Lisboa,Lisboa,Ajuda,Junho 2015,n.a.
Lisboa,Lisboa,Ajuda,Maio 2015,n.a.
Lisboa,Lisboa,Ajuda,Abril 2015,n.a.
Lisboa,Lisboa,Ajuda,Março 2015,n.a.
Lisboa,Lisboa,Ajuda,Fevereiro 2015,n.a.
Lisboa,Lisboa,Ajuda,Janeiro 2015,n.a.
Lisboa,Lisboa,Alcântara,Dezembro 2019,4.364
Lisboa,Lisboa,Alcântara,Novembro 2019,4.105
Lisboa,Lisboa,Alcântara,Outubro 2019,3.958
Lisboa,Lisboa,Alcântara,Setembro 2019,3.782
Lisboa,Lisboa,Alcântara,Agosto 2019,3.740
Lisboa,Lisboa,Alcântara,Julho 2019,3.716
Lisboa,Lisboa,Alcântara,Junho 2019,3.636
Lisboa,Lisboa,Alcântara,Maio 2019,3.578
Lisboa,Lisboa,Alcântara,Abril 2019,3.537
Lisboa,Lisboa,Alcântara,Março 2019,3.610
Lisboa,Lisboa,Alcântara,Fevereiro 2019,3.621
Lisboa,Lisboa,Alcântara,Janeiro 2019,3.553
Lisboa,Lisboa,Alcântara,Dezembro 2018,3.623
Lisboa,Lisboa,Alcântara,Novembro 2018,3.662
Lisboa,Lisboa,Alcântara,Outubro 2018,3.536
Lisboa,Lisboa,Alcântara,Setembro 2018,3.440
Lisboa,Lisboa,Alcântara,Agosto 2018,3.535
Lisboa,Lisboa,Alcântara,Julho 2018,3.559
Lisboa,Lisboa,Alcântara,Junho 2018,3.470
Lisboa,Lisboa,Alcântara,Maio 2018,3.407
Lisboa,Lisboa,Alcântara,Abril 2018,3.677
Lisboa,Lisboa,Alcântara,Março 2018,3.733
Lisboa,Lisboa,Alcântara,Fevereiro 2018,3.548
Lisboa,Lisboa,Alcântara,Janeiro 2018,3.951
Lisboa,Lisboa,Alcântara,Dezembro 2017,4.204
Lisboa,Lisboa,Alcântara,Novembro 2017,4.150
Lisboa,Lisboa,Alcântara,Outubro 2017,4.138
Lisboa,Lisboa,Alcântara,Setembro 2017,4.256
Lisboa,Lisboa,Alcântara,Agosto 2017,4.202
Lisboa,Lisboa,Alcântara,Julho 2017,2.827
Lisboa,Lisboa,Alcântara,Junho 2017,2.855
Lisboa,Lisboa,Alcântara,Maio 2017,2.692
Lisboa,Lisboa,Alcântara,Abril 2017,2.634
Lisboa,Lisboa,Alcântara,Março 2017,2.574
Lisboa,Lisboa,Alcântara,Fevereiro 2017,2.662
Lisboa,Lisboa,Alcântara,Janeiro 2017,2.789
Lisboa,Lisboa,Alcântara,Dezembro 2016,2.700
Lisboa,Lisboa,Alcântara,Novembro 2016,2.704
Lisboa,Lisboa,Alcântara,Outubro 2016,2.697
Lisboa,Lisboa,Alcântara,Setembro 2016,2.794
Lisboa,Lisboa,Alcântara,Agosto 2016,2.843
Lisboa,Lisboa,Alcântara,Julho 2016,2.843
Lisboa,Lisboa,Alcântara,Junho 2016,2.942
Lisboa,Lisboa,Alcântara,Maio 2016,2.924
Lisboa,Lisboa,Alcântara,Abril 2016,2.954
Lisboa,Lisboa,Alcântara,Março 2016,3.041
Lisboa,Lisboa,Alcântara,Fevereiro 2016,3.123
Lisboa,Lisboa,Alcântara,Janeiro 2016,3.060
Lisboa,Lisboa,Alcântara,Dezembro 2015,2.877
Lisboa,Lisboa,Alcântara,Novembro 2015,2.638
Lisboa,Lisboa,Alcântara,Outubro 2015,2.734
Lisboa,Lisboa,Alcântara,Setembro 2015,2.513
Lisboa,Lisboa,Alcântara,Agosto 2015,2.564
Lisboa,Lisboa,Alcântara,Julho 2015,2.215
Lisboa,Lisboa,Alcântara,Junho 2015,2.138
Lisboa,Lisboa,Alcântara,Maio 2015,2.439
Lisboa,Lisboa,Alcântara,Abril 2015,2.272
Lisboa,Lisboa,Alcântara,Março 2015,2.733
Lisboa,Lisboa,Alcântara,Fevereiro 2015,2.654
Lisboa,Lisboa,Alcântara,Janeiro 2015,2.612
Lisboa,Lisboa,Alvalade,Dezembro 2019,4.700
Lisboa,Lisboa,Alvalade,Novembro 2019,4.639
Lisboa,Lisboa,Alvalade,Outubro 2019,4.641
Lisboa,Lisboa,Alvalade,Setembro 2019,4.625
Lisboa,Lisboa,Alvalade,Agosto 2019,4.586
Lisboa,Lisboa,Alvalade,Julho 2019,4.661
Lisboa,Lisboa,Alvalade,Junho 2019,4.735
Lisboa,Lisboa,Alvalade,Maio 2019,4.750
Lisboa,Lisboa,Alvalade,Abril 2019,4.710
Lisboa,Lisboa,Alvalade,Março 2019,4.538
Lisboa,Lisboa,Alvalade,Fevereiro 2019,4.349
Lisboa,Lisboa,Alvalade,Janeiro 2019,4.179
Lisboa,Lisboa,Alvalade,Dezembro 2018,4.127
Lisboa,Lisboa,Alvalade,Novembro 2018,4.103
Lisboa,Lisboa,Alvalade,Outubro 2018,4.118
Lisboa,Lisboa,Alvalade,Setembro 2018,4.159
Lisboa,Lisboa,Alvalade,Agosto 2018,4.099
Lisboa,Lisboa,Alvalade,Julho 2018,4.027
Lisboa,Lisboa,Alvalade,Junho 2018,4.004
Lisboa,Lisboa,Alvalade,Maio 2018,3.968
Lisboa,Lisboa,Alvalade,Abril 2018,3.756
Lisboa,Lisboa,Alvalade,Março 2018,3.772
Lisboa,Lisboa,Alvalade,Fevereiro 2018,3.739
Lisboa,Lisboa,Alvalade,Janeiro 2018,3.740
Lisboa,Lisboa,Alvalade,Dezembro 2017,3.651
Lisboa,Lisboa,Alvalade,Novembro 2017,3.590
Lisboa,Lisboa,Alvalade,Outubro 2017,3.518
Lisboa,Lisboa,Alvalade,Setembro 2017,3.481
Lisboa,Lisboa,Alvalade,Agosto 2017,3.424
Lisboa,Lisboa,Alvalade,Julho 2017,3.393
Lisboa,Lisboa,Alvalade,Junho 2017,3.243
Lisboa,Lisboa,Alvalade,Maio 2017,3.169
Lisboa,Lisboa,Alvalade,Abril 2017,3.116
Lisboa,Lisboa,Alvalade,Março 2017,3.044
Lisboa,Lisboa,Alvalade,Fevereiro 2017,3.038
Lisboa,Lisboa,Alvalade,Janeiro 2017,3.052
Lisboa,Lisboa,Alvalade,Dezembro 2016,3.053
Lisboa,Lisboa,Alvalade,Novembro 2016,3.079
Lisboa,Lisboa,Alvalade,Outubro 2016,3.053
Lisboa,Lisboa,Alvalade,Setembro 2016,3.002
Lisboa,Lisboa,Alvalade,Agosto 2016,2.916
Lisboa,Lisboa,Alvalade,Julho 2016,2.846
Lisboa,Lisboa,Alvalade,Junho 2016,2.791
Lisboa,Lisboa,Alvalade,Maio 2016,2.796
Lisboa,Lisboa,Alvalade,Abril 2016,2.820
Lisboa,Lisboa,Alvalade,Março 2016,2.649
Lisboa,Lisboa,Alvalade,Fevereiro 2016,2.614
Lisboa,Lisboa,Alvalade,Janeiro 2016,2.658
Lisboa,Lisboa,Alvalade,Dezembro 2015,2.573
Lisboa,Lisboa,Alvalade,Novembro 2015,2.440
Lisboa,Lisboa,Alvalade,Outubro 2015,2.360
Lisboa,Lisboa,Alvalade,Setembro 2015,2.370
Lisboa,Lisboa,Alvalade,Agosto 2015,2.446
Lisboa,Lisboa,Alvalade,Julho 2015,2.434
Lisboa,Lisboa,Alvalade,Junho 2015,2.462
Lisboa,Lisboa,Alvalade,Maio 2015,2.492
Lisboa,Lisboa,Alvalade,Abril 2015,2.674
Lisboa,Lisboa,Alvalade,Março 2015,2.687
Lisboa,Lisboa,Alvalade,Fevereiro 2015,2.688
Lisboa,Lisboa,Alvalade,Janeiro 2015,2.774
Lisboa,Lisboa,Areeiro,Dezembro 2019,4.056
Lisboa,Lisboa,Areeiro,Novembro 2019,4.027
Lisboa,Lisboa,Areeiro,Outubro 2019,4.032
Lisboa,Lisboa,Areeiro,Setembro 2019,4.023
Lisboa,Lisboa,Areeiro,Agosto 2019,4.041
Lisboa,Lisboa,Areeiro,Julho 2019,4.046
Lisboa,Lisboa,Areeiro,Junho 2019,3.982
Lisboa,Lisboa,Areeiro,Maio 2019,3.920
Lisboa,Lisboa,Areeiro,Abril 2019,3.923
Lisboa,Lisboa,Areeiro,Março 2019,3.908
Lisboa,Lisboa,Areeiro,Fevereiro 2019,3.841
Lisboa,Lisboa,Areeiro,Janeiro 2019,3.903
Lisboa,Lisboa,Areeiro,Dezembro 2018,3.968
Lisboa,Lisboa,Areeiro,Novembro 2018,3.956
Lisboa,Lisboa,Areeiro,Outubro 2018,3.901
Lisboa,Lisboa,Areeiro,Setembro 2018,3.825
Lisboa,Lisboa,Areeiro,Agosto 2018,3.803
Lisboa,Lisboa,Areeiro,Julho 2018,3.804
Lisboa,Lisboa,Areeiro,Junho 2018,3.687
Lisboa,Lisboa,Areeiro,Maio 2018,3.560
Lisboa,Lisboa,Areeiro,Abril 2018,3.488
Lisboa,Lisboa,Areeiro,Março 2018,3.421
Lisboa,Lisboa,Areeiro,Fevereiro 2018,3.319
Lisboa,Lisboa,Areeiro,Janeiro 2018,3.304
Lisboa,Lisboa,Areeiro,Dezembro 2017,3.279
Lisboa,Lisboa,Areeiro,Novembro 2017,3.310
Lisboa,Lisboa,Areeiro,Outubro 2017,3.175
Lisboa,Lisboa,Areeiro,Setembro 2017,3.070
Lisboa,Lisboa,Areeiro,Agosto 2017,3.057
Lisboa,Lisboa,Areeiro,Julho 2017,3.026
Lisboa,Lisboa,Areeiro,Junho 2017,3.033
Lisboa,Lisboa,Areeiro,Maio 2017,2.950
Lisboa,Lisboa,Areeiro,Abril 2017,2.887
Lisboa,Lisboa,Areeiro,Março 2017,2.825
Lisboa,Lisboa,Areeiro,Fevereiro 2017,2.870
Lisboa,Lisboa,Areeiro,Janeiro 2017,2.904
Lisboa,Lisboa,Areeiro,Dezembro 2016,2.883
Lisboa,Lisboa,Areeiro,Novembro 2016,2.744
Lisboa,Lisboa,Areeiro,Outubro 2016,2.684
Lisboa,Lisboa,Areeiro,Setembro 2016,2.680
Lisboa,Lisboa,Areeiro,Agosto 2016,2.641
Lisboa,Lisboa,Areeiro,Julho 2016,2.641
Lisboa,Lisboa,Areeiro,Junho 2016,2.668
Lisboa,Lisboa,Areeiro,Maio 2016,2.788
Lisboa,Lisboa,Areeiro,Abril 2016,2.756
Lisboa,Lisboa,Areeiro,Março 2016,2.671
Lisboa,Lisboa,Areeiro,Fevereiro 2016,2.626
Lisboa,Lisboa,Areeiro,Janeiro 2016,2.360
Lisboa,Lisboa,Areeiro,Dezembro 2015,2.473
Lisboa,Lisboa,Areeiro,Novembro 2015,2.402
Lisboa,Lisboa,Areeiro,Outubro 2015,2.387
Lisboa,Lisboa,Areeiro,Setembro 2015,2.240
Lisboa,Lisboa,Areeiro,Agosto 2015,2.187
Lisboa,Lisboa,Areeiro,Julho 2015,1.992
Lisboa,Lisboa,Areeiro,Junho 2015,1.963
Lisboa,Lisboa,Areeiro,Maio 2015,1.941
Lisboa,Lisboa,Areeiro,Abril 2015,2.147
Lisboa,Lisboa,Areeiro,Março 2015,2.200
Lisboa,Lisboa,Areeiro,Fevereiro 2015,n.a.
Lisboa,Lisboa,Areeiro,Janeiro 2015,2.269
Lisboa,Lisboa,Arroios,Dezembro 2019,4.401
Lisboa,Lisboa,Arroios,Novembro 2019,4.244
Lisboa,Lisboa,Arroios,Outubro 2019,4.209
Lisboa,Lisboa,Arroios,Setembro 2019,4.167
Lisboa,Lisboa,Arroios,Agosto 2019,4.092
Lisboa,Lisboa,Arroios,Julho 2019,4.085
Lisboa,Lisboa,Arroios,Junho 2019,4.029
Lisboa,Lisboa,Arroios,Maio 2019,3.919
Lisboa,Lisboa,Arroios,Abril 2019,3.878
Lisboa,Lisboa,Arroios,Março 2019,3.876
Lisboa,Lisboa,Arroios,Fevereiro 2019,3.858
Lisboa,Lisboa,Arroios,Janeiro 2019,3.825
Lisboa,Lisboa,Arroios,Dezembro 2018,3.823
Lisboa,Lisboa,Arroios,Novembro 2018,3.810
Lisboa,Lisboa,Arroios,Outubro 2018,3.802
Lisboa,Lisboa,Arroios,Setembro 2018,3.743
Lisboa,Lisboa,Arroios,Agosto 2018,3.715
Lisboa,Lisboa,Arroios,Julho 2018,3.775
Lisboa,Lisboa,Arroios,Junho 2018,3.848
Lisboa,Lisboa,Arroios,Maio 2018,3.841
Lisboa,Lisboa,Arroios,Abril 2018,3.843
Lisboa,Lisboa,Arroios,Março 2018,3.757
Lisboa,Lisboa,Arroios,Fevereiro 2018,3.664
Lisboa,Lisboa,Arroios,Janeiro 2018,3.727
Lisboa,Lisboa,Arroios,Dezembro 2017,3.800
Lisboa,Lisboa,Arroios,Novembro 2017,3.827
Lisboa,Lisboa,Arroios,Outubro 2017,3.767
Lisboa,Lisboa,Arroios,Setembro 2017,3.615
Lisboa,Lisboa,Arroios,Agosto 2017,3.591
Lisboa,Lisboa,Arroios,Julho 2017,3.602
Lisboa,Lisboa,Arroios,Junho 2017,3.482
Lisboa,Lisboa,Arroios,Maio 2017,3.487
Lisboa,Lisboa,Arroios,Abril 2017,3.529
Lisboa,Lisboa,Arroios,Março 2017,3.528
Lisboa,Lisboa,Arroios,Fevereiro 2017,3.562
Lisboa,Lisboa,Arroios,Janeiro 2017,3.547
Lisboa,Lisboa,Arroios,Dezembro 2016,3.470
Lisboa,Lisboa,Arroios,Novembro 2016,3.485
Lisboa,Lisboa,Arroios,Outubro 2016,3.432
Lisboa,Lisboa,Arroios,Setembro 2016,3.232
Lisboa,Lisboa,Arroios,Agosto 2016,2.816
Lisboa,Lisboa,Arroios,Julho 2016,2.511
Lisboa,Lisboa,Arroios,Junho 2016,2.495
Lisboa,Lisboa,Arroios,Maio 2016,2.499
Lisboa,Lisboa,Arroios,Abril 2016,2.401
Lisboa,Lisboa,Arroios,Março 2016,2.361
Lisboa,Lisboa,Arroios,Fevereiro 2016,2.362
Lisboa,Lisboa,Arroios,Janeiro 2016,2.277
Lisboa,Lisboa,Arroios,Dezembro 2015,2.150
Lisboa,Lisboa,Arroios,Novembro 2015,2.121
Lisboa,Lisboa,Arroios,Outubro 2015,2.049
Lisboa,Lisboa,Arroios,Setembro 2015,2.012
Lisboa,Lisboa,Arroios,Agosto 2015,2.089
Lisboa,Lisboa,Arroios,Julho 2015,2.059
Lisboa,Lisboa,Arroios,Junho 2015,2.102
Lisboa,Lisboa,Arroios,Maio 2015,1.993
Lisboa,Lisboa,Arroios,Abril 2015,1.938
Lisboa,Lisboa,Arroios,Março 2015,1.894
Lisboa,Lisboa,Arroios,Fevereiro 2015,1.846
Lisboa,Lisboa,Arroios,Janeiro 2015,1.837
Lisboa,Lisboa,Avenidas Novas,Dezembro 2019,5.538
Lisboa,Lisboa,Avenidas Novas,Novembro 2019,5.591
Lisboa,Lisboa,Avenidas Novas,Outubro 2019,5.624
Lisboa,Lisboa,Avenidas Novas,Setembro 2019,5.473
Lisboa,Lisboa,Avenidas Novas,Agosto 2019,5.359
Lisboa,Lisboa,Avenidas Novas,Julho 2019,5.304
Lisboa,Lisboa,Avenidas Novas,Junho 2019,5.186
Lisboa,Lisboa,Avenidas Novas,Maio 2019,5.073
Lisboa,Lisboa,Avenidas Novas,Abril 2019,4.875
Lisboa,Lisboa,Avenidas Novas,Março 2019,4.841
Lisboa,Lisboa,Avenidas Novas,Fevereiro 2019,4.841
Lisboa,Lisboa,Avenidas Novas,Janeiro 2019,4.849
Lisboa,Lisboa,Avenidas Novas,Dezembro 2018,4.833
Lisboa,Lisboa,Avenidas Novas,Novembro 2018,4.805
Lisboa,Lisboa,Avenidas Novas,Outubro 2018,4.736
Lisboa,Lisboa,Avenidas Novas,Setembro 2018,4.698
Lisboa,Lisboa,Avenidas Novas,Agosto 2018,4.658
Lisboa,Lisboa,Avenidas Novas,Julho 2018,4.661
Lisboa,Lisboa,Avenidas Novas,Junho 2018,4.696
Lisboa,Lisboa,Avenidas Novas,Maio 2018,4.698
Lisboa,Lisboa,Avenidas Novas,Abril 2018,4.699
Lisboa,Lisboa,Avenidas Novas,Março 2018,4.696
Lisboa,Lisboa,Avenidas Novas,Fevereiro 2018,4.692
Lisboa,Lisboa,Avenidas Novas,Janeiro 2018,4.636
Lisboa,Lisboa,Avenidas Novas,Dezembro 2017,4.524
Lisboa,Lisboa,Avenidas Novas,Novembro 2017,4.485
Lisboa,Lisboa,Avenidas Novas,Outubro 2017,4.404
Lisboa,Lisboa,Avenidas Novas,Setembro 2017,4.362
Lisboa,Lisboa,Avenidas Novas,Agosto 2017,4.321
Lisboa,Lisboa,Avenidas Novas,Julho 2017,4.300
Lisboa,Lisboa,Avenidas Novas,Junho 2017,4.253
Lisboa,Lisboa,Avenidas Novas,Maio 2017,4.143
Lisboa,Lisboa,Avenidas Novas,Abril 2017,4.121
Lisboa,Lisboa,Avenidas Novas,Março 2017,4.044
Lisboa,Lisboa,Avenidas Novas,Fevereiro 2017,3.993
Lisboa,Lisboa,Avenidas Novas,Janeiro 2017,3.923
Lisboa,Lisboa,Avenidas Novas,Dezembro 2016,3.908
Lisboa,Lisboa,Avenidas Novas,Novembro 2016,3.802
Lisboa,Lisboa,Avenidas Novas,Outubro 2016,3.740
Lisboa,Lisboa,Avenidas Novas,Setembro 2016,3.670
Lisboa,Lisboa,Avenidas Novas,Agosto 2016,3.641
Lisboa,Lisboa,Avenidas Novas,Julho 2016,3.708
Lisboa,Lisboa,Avenidas Novas,Junho 2016,3.843
Lisboa,Lisboa,Avenidas Novas,Maio 2016,3.992
Lisboa,Lisboa,Avenidas Novas,Abril 2016,3.839
Lisboa,Lisboa,Avenidas Novas,Março 2016,3.595
Lisboa,Lisboa,Avenidas Novas,Fevereiro 2016,3.620
Lisboa,Lisboa,Avenidas Novas,Janeiro 2016,3.369
Lisboa,Lisboa,Avenidas Novas,Dezembro 2015,3.395
Lisboa,Lisboa,Avenidas Novas,Novembro 2015,3.619
Lisboa,Lisboa,Avenidas Novas,Outubro 2015,3.687
Lisboa,Lisboa,Avenidas Novas,Setembro 2015,3.666
Lisboa,Lisboa,Avenidas Novas,Agosto 2015,3.707
Lisboa,Lisboa,Avenidas Novas,Julho 2015,3.835
Lisboa,Lisboa,Avenidas Novas,Junho 2015,3.738
Lisboa,Lisboa,Avenidas Novas,Maio 2015,3.844
Lisboa,Lisboa,Avenidas Novas,Abril 2015,3.852
Lisboa,Lisboa,Avenidas Novas,Março 2015,3.594
Lisboa,Lisboa,Avenidas Novas,Fevereiro 2015,3.678
Lisboa,Lisboa,Avenidas Novas,Janeiro 2015,3.709
Lisboa,Lisboa,Beato,Dezembro 2019,2.580
Lisboa,Lisboa,Beato,Novembro 2019,2.740
Lisboa,Lisboa,Beato,Outubro 2019,3.094
Lisboa,Lisboa,Beato,Setembro 2019,3.027
Lisboa,Lisboa,Beato,Agosto 2019,2.976
Lisboa,Lisboa,Beato,Julho 2019,2.997
Lisboa,Lisboa,Beato,Junho 2019,2.942
Lisboa,Lisboa,Beato,Maio 2019,2.886
Lisboa,Lisboa,Beato,Abril 2019,2.901
Lisboa,Lisboa,Beato,Março 2019,2.889
Lisboa,Lisboa,Beato,Fevereiro 2019,2.870
Lisboa,Lisboa,Beato,Janeiro 2019,2.973
Lisboa,Lisboa,Beato,Dezembro 2018,2.976
Lisboa,Lisboa,Beato,Novembro 2018,3.076
Lisboa,Lisboa,Beato,Outubro 2018,3.071
Lisboa,Lisboa,Beato,Setembro 2018,3.113
Lisboa,Lisboa,Beato,Agosto 2018,3.050
Lisboa,Lisboa,Beato,Julho 2018,3.076
Lisboa,Lisboa,Beato,Junho 2018,2.876
Lisboa,Lisboa,Beato,Maio 2018,2.813
Lisboa,Lisboa,Beato,Abril 2018,2.794
Lisboa,Lisboa,Beato,Março 2018,2.797
Lisboa,Lisboa,Beato,Fevereiro 2018,2.566
Lisboa,Lisboa,Beato,Janeiro 2018,2.477
Lisboa,Lisboa,Beato,Dezembro 2017,2.447
Lisboa,Lisboa,Beato,Novembro 2017,2.465
Lisboa,Lisboa,Beato,Outubro 2017,2.407
Lisboa,Lisboa,Beato,Setembro 2017,2.309
Lisboa,Lisboa,Beato,Agosto 2017,2.125
Lisboa,Lisboa,Beato,Julho 2017,2.130
Lisboa,Lisboa,Beato,Junho 2017,2.379
Lisboa,Lisboa,Beato,Maio 2017,2.168
Lisboa,Lisboa,Beato,Abril 2017,2.100
Lisboa,Lisboa,Beato,Março 2017,1.805
Lisboa,Lisboa,Beato,Fevereiro 2017,1.793
Lisboa,Lisboa,Beato,Janeiro 2017,1.782
Lisboa,Lisboa,Beato,Dezembro 2016,1.775
Lisboa,Lisboa,Beato,Novembro 2016,1.736
Lisboa,Lisboa,Beato,Outubro 2016,1.698
Lisboa,Lisboa,Beato,Setembro 2016,1.779
Lisboa,Lisboa,Beato,Agosto 2016,1.715
Lisboa,Lisboa,Beato,Julho 2016,1.620
Lisboa,Lisboa,Beato,Junho 2016,1.697
Lisboa,Lisboa,Beato,Maio 2016,1.672
Lisboa,Lisboa,Beato,Abril 2016,1.591
Lisboa,Lisboa,Beato,Março 2016,1.607
Lisboa,Lisboa,Beato,Fevereiro 2016,1.618
Lisboa,Lisboa,Beato,Janeiro 2016,1.556
Lisboa,Lisboa,Beato,Dezembro 2015,1.479
Lisboa,Lisboa,Beato,Novembro 2015,1.444
Lisboa,Lisboa,Beato,Outubro 2015,n.a.
Lisboa,Lisboa,Beato,Setembro 2015,n.a.
Lisboa,Lisboa,Beato,Agosto 2015,n.a.
Lisboa,Lisboa,Beato,Julho 2015,n.a.
Lisboa,Lisboa,Beato,Junho 2015,n.a.
Lisboa,Lisboa,Beato,Maio 2015,n.a.
Lisboa,Lisboa,Beato,Abril 2015,n.a.
Lisboa,Lisboa,Beato,Março 2015,n.a.
Lisboa,Lisboa,Beato,Fevereiro 2015,n.a.
Lisboa,Lisboa,Beato,Janeiro 2015,n.a.
Lisboa,Lisboa,Belém,Dezembro 2019,5.046
Lisboa,Lisboa,Belém,Novembro 2019,5.044
Lisboa,Lisboa,Belém,Outubro 2019,4.977
Lisboa,Lisboa,Belém,Setembro 2019,4.984
Lisboa,Lisboa,Belém,Agosto 2019,5.172
Lisboa,Lisboa,Belém,Julho 2019,5.269
Lisboa,Lisboa,Belém,Junho 2019,5.153
Lisboa,Lisboa,Belém,Maio 2019,5.029
Lisboa,Lisboa,Belém,Abril 2019,4.936
Lisboa,Lisboa,Belém,Março 2019,4.874
Lisboa,Lisboa,Belém,Fevereiro 2019,4.832
Lisboa,Lisboa,Belém,Janeiro 2019,5.019
Lisboa,Lisboa,Belém,Dezembro 2018,4.820
Lisboa,Lisboa,Belém,Novembro 2018,4.739
Lisboa,Lisboa,Belém,Outubro 2018,4.557
Lisboa,Lisboa,Belém,Setembro 2018,4.457
Lisboa,Lisboa,Belém,Agosto 2018,4.448
Lisboa,Lisboa,Belém,Julho 2018,4.450
Lisboa,Lisboa,Belém,Junho 2018,4.425
Lisboa,Lisboa,Belém,Maio 2018,4.358
Lisboa,Lisboa,Belém,Abril 2018,4.562
Lisboa,Lisboa,Belém,Março 2018,4.464
Lisboa,Lisboa,Belém,Fevereiro 2018,4.436
Lisboa,Lisboa,Belém,Janeiro 2018,4.525
Lisboa,Lisboa,Belém,Dezembro 2017,4.447
Lisboa,Lisboa,Belém,Novembro 2017,4.508
Lisboa,Lisboa,Belém,Outubro 2017,4.550
Lisboa,Lisboa,Belém,Setembro 2017,4.568
Lisboa,Lisboa,Belém,Agosto 2017,4.324
Lisboa,Lisboa,Belém,Julho 2017,4.000
Lisboa,Lisboa,Belém,Junho 2017,3.961
Lisboa,Lisboa,Belém,Maio 2017,3.930
Lisboa,Lisboa,Belém,Abril 2017,3.917
Lisboa,Lisboa,Belém,Março 2017,3.827
Lisboa,Lisboa,Belém,Fevereiro 2017,3.976
Lisboa,Lisboa,Belém,Janeiro 2017,3.827
Lisboa,Lisboa,Belém,Dezembro 2016,3.707
Lisboa,Lisboa,Belém,Novembro 2016,3.686
Lisboa,Lisboa,Belém,Outubro 2016,3.698
Lisboa,Lisboa,Belém,Setembro 2016,3.579
Lisboa,Lisboa,Belém,Agosto 2016,3.426
Lisboa,Lisboa,Belém,Julho 2016,3.478
Lisboa,Lisboa,Belém,Junho 2016,3.494
Lisboa,Lisboa,Belém,Maio 2016,3.616
Lisboa,Lisboa,Belém,Abril 2016,3.627
Lisboa,Lisboa,Belém,Março 2016,3.244
Lisboa,Lisboa,Belém,Fevereiro 2016,2.952
Lisboa,Lisboa,Belém,Janeiro 2016,3.017
Lisboa,Lisboa,Belém,Dezembro 2015,2.746
Lisboa,Lisboa,Belém,Novembro 2015,2.790
Lisboa,Lisboa,Belém,Outubro 2015,3.190
Lisboa,Lisboa,Belém,Setembro 2015,3.410
Lisboa,Lisboa,Belém,Agosto 2015,3.736
Lisboa,Lisboa,Belém,Julho 2015,3.276
Lisboa,Lisboa,Belém,Junho 2015,3.312
Lisboa,Lisboa,Belém,Maio 2015,3.339
Lisboa,Lisboa,Belém,Abril 2015,n.a.
Lisboa,Lisboa,Belém,Março 2015,n.a.
Lisboa,Lisboa,Belém,Fevereiro 2015,n.a.
Lisboa,Lisboa,Belém,Janeiro 2015,2.541
Lisboa,Lisboa,Benfica,Dezembro 2019,3.231
Lisboa,Lisboa,Benfica,Novembro 2019,3.213
Lisboa,Lisboa,Benfica,Outubro 2019,3.173
Lisboa,Lisboa,Benfica,Setembro 2019,3.137
Lisboa,Lisboa,Benfica,Agosto 2019,3.126
Lisboa,Lisboa,Benfica,Julho 2019,3.052
Lisboa,Lisboa,Benfica,Junho 2019,3.106
Lisboa,Lisboa,Benfica,Maio 2019,3.136
Lisboa,Lisboa,Benfica,Abril 2019,3.151
Lisboa,Lisboa,Benfica,Março 2019,3.187
Lisboa,Lisboa,Benfica,Fevereiro 2019,3.200
Lisboa,Lisboa,Benfica,Janeiro 2019,3.206
Lisboa,Lisboa,Benfica,Dezembro 2018,3.192
Lisboa,Lisboa,Benfica,Novembro 2018,3.198
Lisboa,Lisboa,Benfica,Outubro 2018,3.143
Lisboa,Lisboa,Benfica,Setembro 2018,3.147
Lisboa,Lisboa,Benfica,Agosto 2018,3.130
Lisboa,Lisboa,Benfica,Julho 2018,3.146
Lisboa,Lisboa,Benfica,Junho 2018,3.124
Lisboa,Lisboa,Benfica,Maio 2018,2.999
Lisboa,Lisboa,Benfica,Abril 2018,2.939
Lisboa,Lisboa,Benfica,Março 2018,2.734
Lisboa,Lisboa,Benfica,Fevereiro 2018,2.656
Lisboa,Lisboa,Benfica,Janeiro 2018,2.653
Lisboa,Lisboa,Benfica,Dezembro 2017,2.704
Lisboa,Lisboa,Benfica,Novembro 2017,2.625
Lisboa,Lisboa,Benfica,Outubro 2017,2.575
Lisboa,Lisboa,Benfica,Setembro 2017,2.493
Lisboa,Lisboa,Benfica,Agosto 2017,2.413
Lisboa,Lisboa,Benfica,Julho 2017,2.383
Lisboa,Lisboa,Benfica,Junho 2017,2.410
Lisboa,Lisboa,Benfica,Maio 2017,2.414
Lisboa,Lisboa,Benfica,Abril 2017,2.413
Lisboa,Lisboa,Benfica,Março 2017,2.398
Lisboa,Lisboa,Benfica,Fevereiro 2017,2.417
Lisboa,Lisboa,Benfica,Janeiro 2017,2.317
Lisboa,Lisboa,Benfica,Dezembro 2016,2.228
Lisboa,Lisboa,Benfica,Novembro 2016,2.222
Lisboa,Lisboa,Benfica,Outubro 2016,2.209
Lisboa,Lisboa,Benfica,Setembro 2016,2.178
Lisboa,Lisboa,Benfica,Agosto 2016,2.126
Lisboa,Lisboa,Benfica,Julho 2016,2.079
Lisboa,Lisboa,Benfica,Junho 2016,2.070
Lisboa,Lisboa,Benfica,Maio 2016,2.017
Lisboa,Lisboa,Benfica,Abril 2016,2.006
Lisboa,Lisboa,Benfica,Março 2016,1.989
Lisboa,Lisboa,Benfica,Fevereiro 2016,1.986
Lisboa,Lisboa,Benfica,Janeiro 2016,1.935
Lisboa,Lisboa,Benfica,Dezembro 2015,1.892
Lisboa,Lisboa,Benfica,Novembro 2015,1.849
Lisboa,Lisboa,Benfica,Outubro 2015,1.800
Lisboa,Lisboa,Benfica,Setembro 2015,1.765
Lisboa,Lisboa,Benfica,Agosto 2015,1.757
Lisboa,Lisboa,Benfica,Julho 2015,1.712
Lisboa,Lisboa,Benfica,Junho 2015,1.622
Lisboa,Lisboa,Benfica,Maio 2015,1.603
Lisboa,Lisboa,Benfica,Abril 2015,1.644
Lisboa,Lisboa,Benfica,Março 2015,1.677
Lisboa,Lisboa,Benfica,Fevereiro 2015,1.735
Lisboa,Lisboa,Benfica,Janeiro 2015,1.814
Lisboa,Lisboa,Campo de Ourique,Dezembro 2019,5.315
Lisboa,Lisboa,Campo de Ourique,Novembro 2019,5.345
Lisboa,Lisboa,Campo de Ourique,Outubro 2019,5.481
Lisboa,Lisboa,Campo de Ourique,Setembro 2019,5.476
Lisboa,Lisboa,Campo de Ourique,Agosto 2019,5.457
Lisboa,Lisboa,Campo de Ourique,Julho 2019,5.437
Lisboa,Lisboa,Campo de Ourique,Junho 2019,5.378
Lisboa,Lisboa,Campo de Ourique,Maio 2019,5.279
Lisboa,Lisboa,Campo de Ourique,Abril 2019,5.210
Lisboa,Lisboa,Campo de Ourique,Março 2019,5.027
Lisboa,Lisboa,Campo de Ourique,Fevereiro 2019,4.987
Lisboa,Lisboa,Campo de Ourique,Janeiro 2019,4.944
Lisboa,Lisboa,Campo de Ourique,Dezembro 2018,4.822
Lisboa,Lisboa,Campo de Ourique,Novembro 2018,4.663
Lisboa,Lisboa,Campo de Ourique,Outubro 2018,4.720
Lisboa,Lisboa,Campo de Ourique,Setembro 2018,4.672
Lisboa,Lisboa,Campo de Ourique,Agosto 2018,4.585
Lisboa,Lisboa,Campo de Ourique,Julho 2018,4.625
Lisboa,Lisboa,Campo de Ourique,Junho 2018,4.505
Lisboa,Lisboa,Campo de Ourique,Maio 2018,4.515
Lisboa,Lisboa,Campo de Ourique,Abril 2018,4.453
Lisboa,Lisboa,Campo de Ourique,Março 2018,4.179
Lisboa,Lisboa,Campo de Ourique,Fevereiro 2018,4.170
Lisboa,Lisboa,Campo de Ourique,Janeiro 2018,4.001
Lisboa,Lisboa,Campo de Ourique,Dezembro 2017,3.964
Lisboa,Lisboa,Campo de Ourique,Novembro 2017,3.852
Lisboa,Lisboa,Campo de Ourique,Outubro 2017,3.824
Lisboa,Lisboa,Campo de Ourique,Setembro 2017,3.676
Lisboa,Lisboa,Campo de Ourique,Agosto 2017,3.424
Lisboa,Lisboa,Campo de Ourique,Julho 2017,3.333
Lisboa,Lisboa,Campo de Ourique,Junho 2017,3.423
Lisboa,Lisboa,Campo de Ourique,Maio 2017,3.562
Lisboa,Lisboa,Campo de Ourique,Abril 2017,3.504
Lisboa,Lisboa,Campo de Ourique,Março 2017,3.452
Lisboa,Lisboa,Campo de Ourique,Fevereiro 2017,3.354
Lisboa,Lisboa,Campo de Ourique,Janeiro 2017,3.372
Lisboa,Lisboa,Campo de Ourique,Dezembro 2016,3.167
Lisboa,Lisboa,Campo de Ourique,Novembro 2016,2.936
Lisboa,Lisboa,Campo de Ourique,Outubro 2016,2.808
Lisboa,Lisboa,Campo de Ourique,Setembro 2016,2.897
Lisboa,Lisboa,Campo de Ourique,Agosto 2016,2.881
Lisboa,Lisboa,Campo de Ourique,Julho 2016,2.876
Lisboa,Lisboa,Campo de Ourique,Junho 2016,2.922
Lisboa,Lisboa,Campo de Ourique,Maio 2016,2.855
Lisboa,Lisboa,Campo de Ourique,Abril 2016,2.622
Lisboa,Lisboa,Campo de Ourique,Março 2016,2.577
Lisboa,Lisboa,Campo de Ourique,Fevereiro 2016,2.636
Lisboa,Lisboa,Campo de Ourique,Janeiro 2016,2.671
Lisboa,Lisboa,Campo de Ourique,Dezembro 2015,2.457
Lisboa,Lisboa,Campo de Ourique,Novembro 2015,2.270
Lisboa,Lisboa,Campo de Ourique,Outubro 2015,2.317
Lisboa,Lisboa,Campo de Ourique,Setembro 2015,2.219
Lisboa,Lisboa,Campo de Ourique,Agosto 2015,2.175
Lisboa,Lisboa,Campo de Ourique,Julho 2015,2.179
Lisboa,Lisboa,Campo de Ourique,Junho 2015,2.400
Lisboa,Lisboa,Campo de Ourique,Maio 2015,2.278
Lisboa,Lisboa,Campo de Ourique,Abril 2015,2.423
Lisboa,Lisboa,Campo de Ourique,Março 2015,2.382
Lisboa,Lisboa,Campo de Ourique,Fevereiro 2015,2.372
Lisboa,Lisboa,Campo de Ourique,Janeiro 2015,2.339
Lisboa,Lisboa,Campolide,Dezembro 2019,6.440
Lisboa,Lisboa,Campolide,Novembro 2019,6.638
Lisboa,Lisboa,Campolide,Outubro 2019,6.807
Lisboa,Lisboa,Campolide,Setembro 2019,6.796
Lisboa,Lisboa,Campolide,Agosto 2019,6.330
Lisboa,Lisboa,Campolide,Julho 2019,5.607
Lisboa,Lisboa,Campolide,Junho 2019,5.309
Lisboa,Lisboa,Campolide,Maio 2019,4.685
Lisboa,Lisboa,Campolide,Abril 2019,4.725
Lisboa,Lisboa,Campolide,Março 2019,5.166
Lisboa,Lisboa,Campolide,Fevereiro 2019,4.525
Lisboa,Lisboa,Campolide,Janeiro 2019,4.167
Lisboa,Lisboa,Campolide,Dezembro 2018,3.564
Lisboa,Lisboa,Campolide,Novembro 2018,3.508
Lisboa,Lisboa,Campolide,Outubro 2018,3.549
Lisboa,Lisboa,Campolide,Setembro 2018,3.550
Lisboa,Lisboa,Campolide,Agosto 2018,3.720
Lisboa,Lisboa,Campolide,Julho 2018,3.987
Lisboa,Lisboa,Campolide,Junho 2018,3.924
Lisboa,Lisboa,Campolide,Maio 2018,3.932
Lisboa,Lisboa,Campolide,Abril 2018,3.835
Lisboa,Lisboa,Campolide,Março 2018,3.814
Lisboa,Lisboa,Campolide,Fevereiro 2018,3.762
Lisboa,Lisboa,Campolide,Janeiro 2018,3.652
Lisboa,Lisboa,Campolide,Dezembro 2017,3.653
Lisboa,Lisboa,Campolide,Novembro 2017,3.682
Lisboa,Lisboa,Campolide,Outubro 2017,3.645
Lisboa,Lisboa,Campolide,Setembro 2017,3.238
Lisboa,Lisboa,Campolide,Agosto 2017,2.994
Lisboa,Lisboa,Campolide,Julho 2017,2.821
Lisboa,Lisboa,Campolide,Junho 2017,2.712
Lisboa,Lisboa,Campolide,Maio 2017,2.591
Lisboa,Lisboa,Campolide,Abril 2017,2.566
Lisboa,Lisboa,Campolide,Março 2017,2.495
Lisboa,Lisboa,Campolide,Fevereiro 2017,2.643
Lisboa,Lisboa,Campolide,Janeiro 2017,2.617
Lisboa,Lisboa,Campolide,Dezembro 2016,2.456
Lisboa,Lisboa,Campolide,Novembro 2016,2.298
Lisboa,Lisboa,Campolide,Outubro 2016,2.265
Lisboa,Lisboa,Campolide,Setembro 2016,2.224
Lisboa,Lisboa,Campolide,Agosto 2016,2.221
Lisboa,Lisboa,Campolide,Julho 2016,2.273
Lisboa,Lisboa,Campolide,Junho 2016,2.330
Lisboa,Lisboa,Campolide,Maio 2016,2.468
Lisboa,Lisboa,Campolide,Abril 2016,2.730
Lisboa,Lisboa,Campolide,Março 2016,2.504
Lisboa,Lisboa,Campolide,Fevereiro 2016,2.487
Lisboa,Lisboa,Campolide,Janeiro 2016,2.297
Lisboa,Lisboa,Campolide,Dezembro 2015,2.253
Lisboa,Lisboa,Campolide,Novembro 2015,2.253
Lisboa,Lisboa,Campolide,Outubro 2015,1.889
Lisboa,Lisboa,Campolide,Setembro 2015,1.891
Lisboa,Lisboa,Campolide,Agosto 2015,1.837
Lisboa,Lisboa,Campolide,Julho 2015,1.826
Lisboa,Lisboa,Campolide,Junho 2015,1.830
Lisboa,Lisboa,Campolide,Maio 2015,1.731
Lisboa,Lisboa,Campolide,Abril 2015,n.a.
Lisboa,Lisboa,Campolide,Março 2015,n.a.
Lisboa,Lisboa,Campolide,Fevereiro 2015,n.a.
Lisboa,Lisboa,Campolide,Janeiro 2015,n.a.
Lisboa,Lisboa,Carnide,Dezembro 2019,3.898
Lisboa,Lisboa,Carnide,Novembro 2019,3.907
Lisboa,Lisboa,Carnide,Outubro 2019,3.963
Lisboa,Lisboa,Carnide,Setembro 2019,3.901
Lisboa,Lisboa,Carnide,Agosto 2019,3.733
Lisboa,Lisboa,Carnide,Julho 2019,3.749
Lisboa,Lisboa,Carnide,Junho 2019,3.745
Lisboa,Lisboa,Carnide,Maio 2019,3.854
Lisboa,Lisboa,Carnide,Abril 2019,3.803
Lisboa,Lisboa,Carnide,Março 2019,3.638
Lisboa,Lisboa,Carnide,Fevereiro 2019,3.641
Lisboa,Lisboa,Carnide,Janeiro 2019,3.613
Lisboa,Lisboa,Carnide,Dezembro 2018,3.638
Lisboa,Lisboa,Carnide,Novembro 2018,3.683
Lisboa,Lisboa,Carnide,Outubro 2018,3.813
Lisboa,Lisboa,Carnide,Setembro 2018,3.826
Lisboa,Lisboa,Carnide,Agosto 2018,3.326
Lisboa,Lisboa,Carnide,Julho 2018,3.278
Lisboa,Lisboa,Carnide,Junho 2018,3.205
Lisboa,Lisboa,Carnide,Maio 2018,3.071
Lisboa,Lisboa,Carnide,Abril 2018,3.216
Lisboa,Lisboa,Carnide,Março 2018,3.175
Lisboa,Lisboa,Carnide,Fevereiro 2018,3.202
Lisboa,Lisboa,Carnide,Janeiro 2018,3.213
Lisboa,Lisboa,Carnide,Dezembro 2017,3.188
Lisboa,Lisboa,Carnide,Novembro 2017,2.979
Lisboa,Lisboa,Carnide,Outubro 2017,2.664
Lisboa,Lisboa,Carnide,Setembro 2017,2.602
Lisboa,Lisboa,Carnide,Agosto 2017,2.799
Lisboa,Lisboa,Carnide,Julho 2017,2.647
Lisboa,Lisboa,Carnide,Junho 2017,3.053
Lisboa,Lisboa,Carnide,Maio 2017,3.052
Lisboa,Lisboa,Carnide,Abril 2017,3.042
Lisboa,Lisboa,Carnide,Março 2017,2.972
Lisboa,Lisboa,Carnide,Fevereiro 2017,2.997
Lisboa,Lisboa,Carnide,Janeiro 2017,2.886
Lisboa,Lisboa,Carnide,Dezembro 2016,2.893
Lisboa,Lisboa,Carnide,Novembro 2016,2.561
Lisboa,Lisboa,Carnide,Outubro 2016,2.599
Lisboa,Lisboa,Carnide,Setembro 2016,2.566
Lisboa,Lisboa,Carnide,Agosto 2016,2.510
Lisboa,Lisboa,Carnide,Julho 2016,2.466
Lisboa,Lisboa,Carnide,Junho 2016,2.373
Lisboa,Lisboa,Carnide,Maio 2016,2.192
Lisboa,Lisboa,Carnide,Abril 2016,2.081
Lisboa,Lisboa,Carnide,Março 2016,2.033
Lisboa,Lisboa,Carnide,Fevereiro 2016,2.107
Lisboa,Lisboa,Carnide,Janeiro 2016,2.111
Lisboa,Lisboa,Carnide,Dezembro 2015,2.035
Lisboa,Lisboa,Carnide,Novembro 2015,2.038
Lisboa,Lisboa,Carnide,Outubro 2015,1.937
Lisboa,Lisboa,Carnide,Setembro 2015,n.a.
Lisboa,Lisboa,Carnide,Agosto 2015,n.a.
Lisboa,Lisboa,Carnide,Julho 2015,n.a.
Lisboa,Lisboa,Carnide,Junho 2015,n.a.
Lisboa,Lisboa,Carnide,Maio 2015,n.a.
Lisboa,Lisboa,Carnide,Abril 2015,n.a.
Lisboa,Lisboa,Carnide,Março 2015,n.a.
Lisboa,Lisboa,Carnide,Fevereiro 2015,n.a.
Lisboa,Lisboa,Carnide,Janeiro 2015,n.a.
Lisboa,Lisboa,Estrela,Dezembro 2019,5.231
Lisboa,Lisboa,Estrela,Novembro 2019,5.246
Lisboa,Lisboa,Estrela,Outubro 2019,5.391
Lisboa,Lisboa,Estrela,Setembro 2019,5.347
Lisboa,Lisboa,Estrela,Agosto 2019,5.227
Lisboa,Lisboa,Estrela,Julho 2019,5.248
Lisboa,Lisboa,Estrela,Junho 2019,5.209
Lisboa,Lisboa,Estrela,Maio 2019,5.085
Lisboa,Lisboa,Estrela,Abril 2019,5.127
Lisboa,Lisboa,Estrela,Março 2019,5.105
Lisboa,Lisboa,Estrela,Fevereiro 2019,5.113
Lisboa,Lisboa,Estrela,Janeiro 2019,5.158
Lisboa,Lisboa,Estrela,Dezembro 2018,5.014
Lisboa,Lisboa,Estrela,Novembro 2018,4.909
Lisboa,Lisboa,Estrela,Outubro 2018,4.835
Lisboa,Lisboa,Estrela,Setembro 2018,4.835
Lisboa,Lisboa,Estrela,Agosto 2018,4.874
Lisboa,Lisboa,Estrela,Julho 2018,4.929
Lisboa,Lisboa,Estrela,Junho 2018,4.916
Lisboa,Lisboa,Estrela,Maio 2018,4.701
Lisboa,Lisboa,Estrela,Abril 2018,4.705
Lisboa,Lisboa,Estrela,Março 2018,4.610
Lisboa,Lisboa,Estrela,Fevereiro 2018,4.504
Lisboa,Lisboa,Estrela,Janeiro 2018,4.306
Lisboa,Lisboa,Estrela,Dezembro 2017,4.253
Lisboa,Lisboa,Estrela,Novembro 2017,4.238
Lisboa,Lisboa,Estrela,Outubro 2017,4.145
Lisboa,Lisboa,Estrela,Setembro 2017,4.039
Lisboa,Lisboa,Estrela,Agosto 2017,4.085
Lisboa,Lisboa,Estrela,Julho 2017,3.972
Lisboa,Lisboa,Estrela,Junho 2017,3.977
Lisboa,Lisboa,Estrela,Maio 2017,3.918
Lisboa,Lisboa,Estrela,Abril 2017,3.967
Lisboa,Lisboa,Estrela,Março 2017,3.882
Lisboa,Lisboa,Estrela,Fevereiro 2017,3.844
Lisboa,Lisboa,Estrela,Janeiro 2017,3.738
Lisboa,Lisboa,Estrela,Dezembro 2016,3.715
Lisboa,Lisboa,Estrela,Novembro 2016,3.720
Lisboa,Lisboa,Estrela,Outubro 2016,3.647
Lisboa,Lisboa,Estrela,Setembro 2016,3.735
Lisboa,Lisboa,Estrela,Agosto 2016,3.736
Lisboa,Lisboa,Estrela,Julho 2016,3.636
Lisboa,Lisboa,Estrela,Junho 2016,3.741
Lisboa,Lisboa,Estrela,Maio 2016,3.757
Lisboa,Lisboa,Estrela,Abril 2016,3.406
Lisboa,Lisboa,Estrela,Março 2016,3.459
Lisboa,Lisboa,Estrela,Fevereiro 2016,3.546
Lisboa,Lisboa,Estrela,Janeiro 2016,2.955
Lisboa,Lisboa,Estrela,Dezembro 2015,3.040
Lisboa,Lisboa,Estrela,Novembro 2015,2.799
Lisboa,Lisboa,Estrela,Outubro 2015,2.784
Lisboa,Lisboa,Estrela,Setembro 2015,2.676
Lisboa,Lisboa,Estrela,Agosto 2015,2.663
Lisboa,Lisboa,Estrela,Julho 2015,2.640
Lisboa,Lisboa,Estrela,Junho 2015,2.688
Lisboa,Lisboa,Estrela,Maio 2015,2.794
Lisboa,Lisboa,Estrela,Abril 2015,2.615
Lisboa,Lisboa,Estrela,Março 2015,2.915
Lisboa,Lisboa,Estrela,Fevereiro 2015,2.853
Lisboa,Lisboa,Estrela,Janeiro 2015,2.790
Lisboa,Lisboa,Lumiar,Dezembro 2019,3.442
Lisboa,Lisboa,Lumiar,Novembro 2019,3.456
Lisboa,Lisboa,Lumiar,Outubro 2019,3.519
Lisboa,Lisboa,Lumiar,Setembro 2019,3.415
Lisboa,Lisboa,Lumiar,Agosto 2019,3.539
Lisboa,Lisboa,Lumiar,Julho 2019,3.632
Lisboa,Lisboa,Lumiar,Junho 2019,3.587
Lisboa,Lisboa,Lumiar,Maio 2019,3.538
Lisboa,Lisboa,Lumiar,Abril 2019,3.525
Lisboa,Lisboa,Lumiar,Março 2019,3.476
Lisboa,Lisboa,Lumiar,Fevereiro 2019,3.402
Lisboa,Lisboa,Lumiar,Janeiro 2019,3.404
Lisboa,Lisboa,Lumiar,Dezembro 2018,3.435
Lisboa,Lisboa,Lumiar,Novembro 2018,3.499
Lisboa,Lisboa,Lumiar,Outubro 2018,3.496
Lisboa,Lisboa,Lumiar,Setembro 2018,3.485
Lisboa,Lisboa,Lumiar,Agosto 2018,3.455
Lisboa,Lisboa,Lumiar,Julho 2018,3.456
Lisboa,Lisboa,Lumiar,Junho 2018,3.569
Lisboa,Lisboa,Lumiar,Maio 2018,3.512
Lisboa,Lisboa,Lumiar,Abril 2018,3.402
Lisboa,Lisboa,Lumiar,Março 2018,3.254
Lisboa,Lisboa,Lumiar,Fevereiro 2018,3.243
Lisboa,Lisboa,Lumiar,Janeiro 2018,3.048
Lisboa,Lisboa,Lumiar,Dezembro 2017,3.012
Lisboa,Lisboa,Lumiar,Novembro 2017,2.909
Lisboa,Lisboa,Lumiar,Outubro 2017,2.743
Lisboa,Lisboa,Lumiar,Setembro 2017,2.619
Lisboa,Lisboa,Lumiar,Agosto 2017,2.589
Lisboa,Lisboa,Lumiar,Julho 2017,2.460
Lisboa,Lisboa,Lumiar,Junho 2017,2.460
Lisboa,Lisboa,Lumiar,Maio 2017,2.415
Lisboa,Lisboa,Lumiar,Abril 2017,2.359
Lisboa,Lisboa,Lumiar,Março 2017,2.346
Lisboa,Lisboa,Lumiar,Fevereiro 2017,2.332
Lisboa,Lisboa,Lumiar,Janeiro 2017,2.251
Lisboa,Lisboa,Lumiar,Dezembro 2016,2.233
Lisboa,Lisboa,Lumiar,Novembro 2016,2.256
Lisboa,Lisboa,Lumiar,Outubro 2016,2.244
Lisboa,Lisboa,Lumiar,Setembro 2016,2.237
Lisboa,Lisboa,Lumiar,Agosto 2016,2.199
Lisboa,Lisboa,Lumiar,Julho 2016,2.145
Lisboa,Lisboa,Lumiar,Junho 2016,2.154
Lisboa,Lisboa,Lumiar,Maio 2016,2.086
Lisboa,Lisboa,Lumiar,Abril 2016,2.119
Lisboa,Lisboa,Lumiar,Março 2016,2.092
Lisboa,Lisboa,Lumiar,Fevereiro 2016,2.003
Lisboa,Lisboa,Lumiar,Janeiro 2016,1.962
Lisboa,Lisboa,Lumiar,Dezembro 2015,1.966
Lisboa,Lisboa,Lumiar,Novembro 2015,2.012
Lisboa,Lisboa,Lumiar,Outubro 2015,2.082
Lisboa,Lisboa,Lumiar,Setembro 2015,2.159
Lisboa,Lisboa,Lumiar,Agosto 2015,2.170
Lisboa,Lisboa,Lumiar,Julho 2015,2.041
Lisboa,Lisboa,Lumiar,Junho 2015,1.943
Lisboa,Lisboa,Lumiar,Maio 2015,1.994
Lisboa,Lisboa,Lumiar,Abril 2015,1.913
Lisboa,Lisboa,Lumiar,Março 2015,1.969
Lisboa,Lisboa,Lumiar,Fevereiro 2015,2.021
Lisboa,Lisboa,Lumiar,Janeiro 2015,2.036
Lisboa,Lisboa,Marvila,Dezembro 2019,4.203
Lisboa,Lisboa,Marvila,Novembro 2019,4.051
Lisboa,Lisboa,Marvila,Outubro 2019,4.080
Lisboa,Lisboa,Marvila,Setembro 2019,3.634
Lisboa,Lisboa,Marvila,Agosto 2019,3.554
Lisboa,Lisboa,Marvila,Julho 2019,3.797
Lisboa,Lisboa,Marvila,Junho 2019,3.801
Lisboa,Lisboa,Marvila,Maio 2019,3.476
Lisboa,Lisboa,Marvila,Abril 2019,3.179
Lisboa,Lisboa,Marvila,Março 2019,3.116
Lisboa,Lisboa,Marvila,Fevereiro 2019,3.073
Lisboa,Lisboa,Marvila,Janeiro 2019,3.079
Lisboa,Lisboa,Marvila,Dezembro 2018,3.081
Lisboa,Lisboa,Marvila,Novembro 2018,3.308
Lisboa,Lisboa,Marvila,Outubro 2018,3.256
Lisboa,Lisboa,Marvila,Setembro 2018,3.152
Lisboa,Lisboa,Marvila,Agosto 2018,3.136
Lisboa,Lisboa,Marvila,Julho 2018,2.664
Lisboa,Lisboa,Marvila,Junho 2018,2.450
Lisboa,Lisboa,Marvila,Maio 2018,2.360
Lisboa,Lisboa,Marvila,Abril 2018,2.282
Lisboa,Lisboa,Marvila,Março 2018,2.115
Lisboa,Lisboa,Marvila,Fevereiro 2018,2.185
Lisboa,Lisboa,Marvila,Janeiro 2018,2.086
Lisboa,Lisboa,Marvila,Dezembro 2017,2.014
Lisboa,Lisboa,Marvila,Novembro 2017,1.994
Lisboa,Lisboa,Marvila,Outubro 2017,1.879
Lisboa,Lisboa,Marvila,Setembro 2017,1.764
Lisboa,Lisboa,Marvila,Agosto 2017,1.878
Lisboa,Lisboa,Marvila,Julho 2017,1.900
Lisboa,Lisboa,Marvila,Junho 2017,1.879
Lisboa,Lisboa,Marvila,Maio 2017,1.605
Lisboa,Lisboa,Marvila,Abril 2017,1.535
Lisboa,Lisboa,Marvila,Março 2017,1.491
Lisboa,Lisboa,Marvila,Fevereiro 2017,1.561
Lisboa,Lisboa,Marvila,Janeiro 2017,1.497
Lisboa,Lisboa,Marvila,Dezembro 2016,1.421
Lisboa,Lisboa,Marvila,Novembro 2016,1.420
Lisboa,Lisboa,Marvila,Outubro 2016,1.446
Lisboa,Lisboa,Marvila,Setembro 2016,1.486
Lisboa,Lisboa,Marvila,Agosto 2016,1.427
Lisboa,Lisboa,Marvila,Julho 2016,1.444
Lisboa,Lisboa,Marvila,Junho 2016,1.463
Lisboa,Lisboa,Marvila,Maio 2016,1.575
Lisboa,Lisboa,Marvila,Abril 2016,1.517
Lisboa,Lisboa,Marvila,Março 2016,1.449
Lisboa,Lisboa,Marvila,Fevereiro 2016,1.435
Lisboa,Lisboa,Marvila,Janeiro 2016,1.411
Lisboa,Lisboa,Marvila,Dezembro 2015,1.371
Lisboa,Lisboa,Marvila,Novembro 2015,1.335
Lisboa,Lisboa,Marvila,Outubro 2015,1.326
Lisboa,Lisboa,Marvila,Setembro 2015,1.364
Lisboa,Lisboa,Marvila,Agosto 2015,1.365
Lisboa,Lisboa,Marvila,Julho 2015,1.365
Lisboa,Lisboa,Marvila,Junho 2015,1.365
Lisboa,Lisboa,Marvila,Maio 2015,1.273
Lisboa,Lisboa,Marvila,Abril 2015,1.239
Lisboa,Lisboa,Marvila,Março 2015,1.333
Lisboa,Lisboa,Marvila,Fevereiro 2015,1.356
Lisboa,Lisboa,Marvila,Janeiro 2015,1.355
Lisboa,Lisboa,Misericórdia,Dezembro 2019,6.075
Lisboa,Lisboa,Misericórdia,Novembro 2019,5.962
Lisboa,Lisboa,Misericórdia,Outubro 2019,6.041
Lisboa,Lisboa,Misericórdia,Setembro 2019,6.032
Lisboa,Lisboa,Misericórdia,Agosto 2019,6.033
Lisboa,Lisboa,Misericórdia,Julho 2019,6.209
Lisboa,Lisboa,Misericórdia,Junho 2019,6.171
Lisboa,Lisboa,Misericórdia,Maio 2019,6.052
Lisboa,Lisboa,Misericórdia,Abril 2019,5.877
Lisboa,Lisboa,Misericórdia,Março 2019,5.919
Lisboa,Lisboa,Misericórdia,Fevereiro 2019,5.852
Lisboa,Lisboa,Misericórdia,Janeiro 2019,5.954
Lisboa,Lisboa,Misericórdia,Dezembro 2018,6.014
Lisboa,Lisboa,Misericórdia,Novembro 2018,6.066
Lisboa,Lisboa,Misericórdia,Outubro 2018,6.020
Lisboa,Lisboa,Misericórdia,Setembro 2018,6.066
Lisboa,Lisboa,Misericórdia,Agosto 2018,6.252
Lisboa,Lisboa,Misericórdia,Julho 2018,6.410
Lisboa,Lisboa,Misericórdia,Junho 2018,6.342
Lisboa,Lisboa,Misericórdia,Maio 2018,6.108
Lisboa,Lisboa,Misericórdia,Abril 2018,5.881
Lisboa,Lisboa,Misericórdia,Março 2018,5.769
Lisboa,Lisboa,Misericórdia,Fevereiro 2018,5.861
Lisboa,Lisboa,Misericórdia,Janeiro 2018,5.692
Lisboa,Lisboa,Misericórdia,Dezembro 2017,5.694
Lisboa,Lisboa,Misericórdia,Novembro 2017,5.764
Lisboa,Lisboa,Misericórdia,Outubro 2017,5.832
Lisboa,Lisboa,Misericórdia,Setembro 2017,5.853
Lisboa,Lisboa,Misericórdia,Agosto 2017,5.830
Lisboa,Lisboa,Misericórdia,Julho 2017,5.562
Lisboa,Lisboa,Misericórdia,Junho 2017,5.324
Lisboa,Lisboa,Misericórdia,Maio 2017,5.311
Lisboa,Lisboa,Misericórdia,Abril 2017,5.227
Lisboa,Lisboa,Misericórdia,Março 2017,4.855
Lisboa,Lisboa,Misericórdia,Fevereiro 2017,4.447
Lisboa,Lisboa,Misericórdia,Janeiro 2017,4.499
Lisboa,Lisboa,Misericórdia,Dezembro 2016,4.393
Lisboa,Lisboa,Misericórdia,Novembro 2016,4.183
Lisboa,Lisboa,Misericórdia,Outubro 2016,4.125
Lisboa,Lisboa,Misericórdia,Setembro 2016,4.250
Lisboa,Lisboa,Misericórdia,Agosto 2016,4.595
Lisboa,Lisboa,Misericórdia,Julho 2016,4.810
Lisboa,Lisboa,Misericórdia,Junho 2016,4.654
Lisboa,Lisboa,Misericórdia,Maio 2016,4.452
Lisboa,Lisboa,Misericórdia,Abril 2016,4.708
Lisboa,Lisboa,Misericórdia,Março 2016,4.346
Lisboa,Lisboa,Misericórdia,Fevereiro 2016,4.688
Lisboa,Lisboa,Misericórdia,Janeiro 2016,3.791
Lisboa,Lisboa,Misericórdia,Dezembro 2015,4.987
Lisboa,Lisboa,Misericórdia,Novembro 2015,4.815
Lisboa,Lisboa,Misericórdia,Outubro 2015,3.591
Lisboa,Lisboa,Misericórdia,Setembro 2015,3.303
Lisboa,Lisboa,Misericórdia,Agosto 2015,3.368
Lisboa,Lisboa,Misericórdia,Julho 2015,n.a.
Lisboa,Lisboa,Misericórdia,Junho 2015,n.a.
Lisboa,Lisboa,Misericórdia,Maio 2015,n.a.
Lisboa,Lisboa,Misericórdia,Abril 2015,n.a.
Lisboa,Lisboa,Misericórdia,Março 2015,n.a.
Lisboa,Lisboa,Misericórdia,Fevereiro 2015,n.a.
Lisboa,Lisboa,Misericórdia,Janeiro 2015,n.a.
Lisboa,Lisboa,Olivais,Dezembro 2019,3.049
Lisboa,Lisboa,Olivais,Novembro 2019,3.022
Lisboa,Lisboa,Olivais,Outubro 2019,2.991
Lisboa,Lisboa,Olivais,Setembro 2019,2.994
Lisboa,Lisboa,Olivais,Agosto 2019,3.055
Lisboa,Lisboa,Olivais,Julho 2019,3.051
Lisboa,Lisboa,Olivais,Junho 2019,2.965
Lisboa,Lisboa,Olivais,Maio 2019,2.885
Lisboa,Lisboa,Olivais,Abril 2019,2.962
Lisboa,Lisboa,Olivais,Março 2019,2.992
Lisboa,Lisboa,Olivais,Fevereiro 2019,2.982
Lisboa,Lisboa,Olivais,Janeiro 2019,2.916
Lisboa,Lisboa,Olivais,Dezembro 2018,2.870
Lisboa,Lisboa,Olivais,Novembro 2018,2.832
Lisboa,Lisboa,Olivais,Outubro 2018,2.699
Lisboa,Lisboa,Olivais,Setembro 2018,2.717
Lisboa,Lisboa,Olivais,Agosto 2018,2.919
Lisboa,Lisboa,Olivais,Julho 2018,2.872
Lisboa,Lisboa,Olivais,Junho 2018,2.807
Lisboa,Lisboa,Olivais,Maio 2018,2.764
Lisboa,Lisboa,Olivais,Abril 2018,2.712
Lisboa,Lisboa,Olivais,Março 2018,2.606
Lisboa,Lisboa,Olivais,Fevereiro 2018,2.503
Lisboa,Lisboa,Olivais,Janeiro 2018,2.464
Lisboa,Lisboa,Olivais,Dezembro 2017,2.345
Lisboa,Lisboa,Olivais,Novembro 2017,2.305
Lisboa,Lisboa,Olivais,Outubro 2017,2.256
Lisboa,Lisboa,Olivais,Setembro 2017,2.277
Lisboa,Lisboa,Olivais,Agosto 2017,2.214
Lisboa,Lisboa,Olivais,Julho 2017,2.222
Lisboa,Lisboa,Olivais,Junho 2017,2.225
Lisboa,Lisboa,Olivais,Maio 2017,2.184
Lisboa,Lisboa,Olivais,Abril 2017,2.177
Lisboa,Lisboa,Olivais,Março 2017,2.130
Lisboa,Lisboa,Olivais,Fevereiro 2017,2.089
Lisboa,Lisboa,Olivais,Janeiro 2017,1.996
Lisboa,Lisboa,Olivais,Dezembro 2016,1.930
Lisboa,Lisboa,Olivais,Novembro 2016,2.066
Lisboa,Lisboa,Olivais,Outubro 2016,2.025
Lisboa,Lisboa,Olivais,Setembro 2016,2.033
Lisboa,Lisboa,Olivais,Agosto 2016,1.838
Lisboa,Lisboa,Olivais,Julho 2016,1.769
Lisboa,Lisboa,Olivais,Junho 2016,1.686
Lisboa,Lisboa,Olivais,Maio 2016,1.649
Lisboa,Lisboa,Olivais,Abril 2016,1.633
Lisboa,Lisboa,Olivais,Março 2016,1.580
Lisboa,Lisboa,Olivais,Fevereiro 2016,1.577
Lisboa,Lisboa,Olivais,Janeiro 2016,1.486
Lisboa,Lisboa,Olivais,Dezembro 2015,1.514
Lisboa,Lisboa,Olivais,Novembro 2015,1.605
Lisboa,Lisboa,Olivais,Outubro 2015,1.688
Lisboa,Lisboa,Olivais,Setembro 2015,1.664
Lisboa,Lisboa,Olivais,Agosto 2015,1.640
Lisboa,Lisboa,Olivais,Julho 2015,1.561
Lisboa,Lisboa,Olivais,Junho 2015,1.574
Lisboa,Lisboa,Olivais,Maio 2015,1.585
Lisboa,Lisboa,Olivais,Abril 2015,1.548
Lisboa,Lisboa,Olivais,Março 2015,1.586
Lisboa,Lisboa,Olivais,Fevereiro 2015,1.594
Lisboa,Lisboa,Olivais,Janeiro 2015,1.602
Lisboa,Lisboa,Parque das Nações,Dezembro 2019,5.580
Lisboa,Lisboa,Parque das Nações,Novembro 2019,5.350
Lisboa,Lisboa,Parque das Nações,Outubro 2019,5.420
Lisboa,Lisboa,Parque das Nações,Setembro 2019,5.361
Lisboa,Lisboa,Parque das Nações,Agosto 2019,5.297
Lisboa,Lisboa,Parque das Nações,Julho 2019,5.204
Lisboa,Lisboa,Parque das Nações,Junho 2019,5.024
Lisboa,Lisboa,Parque das Nações,Maio 2019,4.893
Lisboa,Lisboa,Parque das Nações,Abril 2019,4.868
Lisboa,Lisboa,Parque das Nações,Março 2019,4.650
Lisboa,Lisboa,Parque das Nações,Fevereiro 2019,4.613
Lisboa,Lisboa,Parque das Nações,Janeiro 2019,4.596
Lisboa,Lisboa,Parque das Nações,Dezembro 2018,4.692
Lisboa,Lisboa,Parque das Nações,Novembro 2018,4.695
Lisboa,Lisboa,Parque das Nações,Outubro 2018,4.777
Lisboa,Lisboa,Parque das Nações,Setembro 2018,4.776
Lisboa,Lisboa,Parque das Nações,Agosto 2018,4.759
Lisboa,Lisboa,Parque das Nações,Julho 2018,4.710
Lisboa,Lisboa,Parque das Nações,Junho 2018,4.695
Lisboa,Lisboa,Parque das Nações,Maio 2018,4.706
Lisboa,Lisboa,Parque das Nações,Abril 2018,4.706
Lisboa,Lisboa,Parque das Nações,Março 2018,4.675
Lisboa,Lisboa,Parque das Nações,Fevereiro 2018,4.527
Lisboa,Lisboa,Parque das Nações,Janeiro 2018,4.233
Lisboa,Lisboa,Parque das Nações,Dezembro 2017,4.242
Lisboa,Lisboa,Parque das Nações,Novembro 2017,4.192
Lisboa,Lisboa,Parque das Nações,Outubro 2017,3.982
Lisboa,Lisboa,Parque das Nações,Setembro 2017,3.865
Lisboa,Lisboa,Parque das Nações,Agosto 2017,3.776
Lisboa,Lisboa,Parque das Nações,Julho 2017,3.712
Lisboa,Lisboa,Parque das Nações,Junho 2017,3.623
Lisboa,Lisboa,Parque das Nações,Maio 2017,3.638
Lisboa,Lisboa,Parque das Nações,Abril 2017,3.575
Lisboa,Lisboa,Parque das Nações,Março 2017,3.554
Lisboa,Lisboa,Parque das Nações,Fevereiro 2017,3.610
Lisboa,Lisboa,Parque das Nações,Janeiro 2017,3.521
Lisboa,Lisboa,Parque das Nações,Dezembro 2016,3.518
Lisboa,Lisboa,Parque das Nações,Novembro 2016,3.480
Lisboa,Lisboa,Parque das Nações,Outubro 2016,3.433
Lisboa,Lisboa,Parque das Nações,Setembro 2016,3.388
Lisboa,Lisboa,Parque das Nações,Agosto 2016,3.321
Lisboa,Lisboa,Parque das Nações,Julho 2016,3.297
Lisboa,Lisboa,Parque das Nações,Junho 2016,3.307
Lisboa,Lisboa,Parque das Nações,Maio 2016,3.228
Lisboa,Lisboa,Parque das Nações,Abril 2016,3.220
Lisboa,Lisboa,Parque das Nações,Março 2016,3.152
Lisboa,Lisboa,Parque das Nações,Fevereiro 2016,3.097
Lisboa,Lisboa,Parque das Nações,Janeiro 2016,2.975
Lisboa,Lisboa,Parque das Nações,Dezembro 2015,2.963
Lisboa,Lisboa,Parque das Nações,Novembro 2015,2.900
Lisboa,Lisboa,Parque das Nações,Outubro 2015,2.887
Lisboa,Lisboa,Parque das Nações,Setembro 2015,2.739
Lisboa,Lisboa,Parque das Nações,Agosto 2015,2.790
Lisboa,Lisboa,Parque das Nações,Julho 2015,2.541
Lisboa,Lisboa,Parque das Nações,Junho 2015,2.514
Lisboa,Lisboa,Parque das Nações,Maio 2015,2.484
Lisboa,Lisboa,Parque das Nações,Abril 2015,n.a.
Lisboa,Lisboa,Parque das Nações,Março 2015,n.a.
Lisboa,Lisboa,Parque das Nações,Fevereiro 2015,n.a.
Lisboa,Lisboa,Parque das Nações,Janeiro 2015,n.a.
Lisboa,Lisboa,Penha de França,Dezembro 2019,3.545
Lisboa,Lisboa,Penha de França,Novembro 2019,3.495
Lisboa,Lisboa,Penha de França,Outubro 2019,3.505
Lisboa,Lisboa,Penha de França,Setembro 2019,3.534
Lisboa,Lisboa,Penha de França,Agosto 2019,3.503
Lisboa,Lisboa,Penha de França,Julho 2019,3.496
Lisboa,Lisboa,Penha de França,Junho 2019,3.462
Lisboa,Lisboa,Penha de França,Maio 2019,3.505
Lisboa,Lisboa,Penha de França,Abril 2019,3.602
Lisboa,Lisboa,Penha de França,Março 2019,3.614
Lisboa,Lisboa,Penha de França,Fevereiro 2019,3.593
Lisboa,Lisboa,Penha de França,Janeiro 2019,3.508
Lisboa,Lisboa,Penha de França,Dezembro 2018,3.514
Lisboa,Lisboa,Penha de França,Novembro 2018,3.515
Lisboa,Lisboa,Penha de França,Outubro 2018,3.497
Lisboa,Lisboa,Penha de França,Setembro 2018,3.380
Lisboa,Lisboa,Penha de França,Agosto 2018,3.349
Lisboa,Lisboa,Penha de França,Julho 2018,3.249
Lisboa,Lisboa,Penha de França,Junho 2018,3.158
Lisboa,Lisboa,Penha de França,Maio 2018,3.087
Lisboa,Lisboa,Penha de França,Abril 2018,3.031
Lisboa,Lisboa,Penha de França,Março 2018,3.005
Lisboa,Lisboa,Penha de França,Fevereiro 2018,3.013
Lisboa,Lisboa,Penha de França,Janeiro 2018,3.012
Lisboa,Lisboa,Penha de França,Dezembro 2017,2.932
Lisboa,Lisboa,Penha de França,Novembro 2017,2.886
Lisboa,Lisboa,Penha de França,Outubro 2017,2.801
Lisboa,Lisboa,Penha de França,Setembro 2017,2.736
Lisboa,Lisboa,Penha de França,Agosto 2017,2.724
Lisboa,Lisboa,Penha de França,Julho 2017,2.698
Lisboa,Lisboa,Penha de França,Junho 2017,2.673
Lisboa,Lisboa,Penha de França,Maio 2017,2.603
Lisboa,Lisboa,Penha de França,Abril 2017,2.525
Lisboa,Lisboa,Penha de França,Março 2017,2.475
Lisboa,Lisboa,Penha de França,Fevereiro 2017,2.390
Lisboa,Lisboa,Penha de França,Janeiro 2017,2.327
Lisboa,Lisboa,Penha de França,Dezembro 2016,2.194
Lisboa,Lisboa,Penha de França,Novembro 2016,2.165
Lisboa,Lisboa,Penha de França,Outubro 2016,2.150
Lisboa,Lisboa,Penha de França,Setembro 2016,2.065
Lisboa,Lisboa,Penha de França,Agosto 2016,1.996
Lisboa,Lisboa,Penha de França,Julho 2016,1.985
Lisboa,Lisboa,Penha de França,Junho 2016,2.014
Lisboa,Lisboa,Penha de França,Maio 2016,2.037
Lisboa,Lisboa,Penha de França,Abril 2016,2.004
Lisboa,Lisboa,Penha de França,Março 2016,1.933
Lisboa,Lisboa,Penha de França,Fevereiro 2016,1.913
Lisboa,Lisboa,Penha de França,Janeiro 2016,1.742
Lisboa,Lisboa,Penha de França,Dezembro 2015,1.680
Lisboa,Lisboa,Penha de França,Novembro 2015,1.668
Lisboa,Lisboa,Penha de França,Outubro 2015,1.663
Lisboa,Lisboa,Penha de França,Setembro 2015,1.662
Lisboa,Lisboa,Penha de França,Agosto 2015,1.586
Lisboa,Lisboa,Penha de França,Julho 2015,1.384
Lisboa,Lisboa,Penha de França,Junho 2015,n.a.
Lisboa,Lisboa,Penha de França,Maio 2015,1.619
Lisboa,Lisboa,Penha de França,Abril 2015,1.580
Lisboa,Lisboa,Penha de França,Março 2015,1.608
Lisboa,Lisboa,Penha de França,Fevereiro 2015,1.579
Lisboa,Lisboa,Penha de França,Janeiro 2015,1.639
Lisboa,Lisboa,Santa Clara,Dezembro 2019,2.195
Lisboa,Lisboa,Santa Clara,Novembro 2019,2.306
Lisboa,Lisboa,Santa Clara,Outubro 2019,2.321
Lisboa,Lisboa,Santa Clara,Setembro 2019,2.306
Lisboa,Lisboa,Santa Clara,Agosto 2019,2.266
Lisboa,Lisboa,Santa Clara,Julho 2019,2.277
Lisboa,Lisboa,Santa Clara,Junho 2019,2.359
Lisboa,Lisboa,Santa Clara,Maio 2019,2.316
Lisboa,Lisboa,Santa Clara,Abril 2019,2.059
Lisboa,Lisboa,Santa Clara,Março 2019,2.108
Lisboa,Lisboa,Santa Clara,Fevereiro 2019,2.125
Lisboa,Lisboa,Santa Clara,Janeiro 2019,2.183
Lisboa,Lisboa,Santa Clara,Dezembro 2018,2.240
Lisboa,Lisboa,Santa Clara,Novembro 2018,2.258
Lisboa,Lisboa,Santa Clara,Outubro 2018,2.267
Lisboa,Lisboa,Santa Clara,Setembro 2018,2.280
Lisboa,Lisboa,Santa Clara,Agosto 2018,2.368
Lisboa,Lisboa,Santa Clara,Julho 2018,2.444
Lisboa,Lisboa,Santa Clara,Junho 2018,2.462
Lisboa,Lisboa,Santa Clara,Maio 2018,2.385
Lisboa,Lisboa,Santa Clara,Abril 2018,2.382
Lisboa,Lisboa,Santa Clara,Março 2018,2.375
Lisboa,Lisboa,Santa Clara,Fevereiro 2018,2.214
Lisboa,Lisboa,Santa Clara,Janeiro 2018,2.105
Lisboa,Lisboa,Santa Clara,Dezembro 2017,2.020
Lisboa,Lisboa,Santa Clara,Novembro 2017,1.848
Lisboa,Lisboa,Santa Clara,Outubro 2017,1.694
Lisboa,Lisboa,Santa Clara,Setembro 2017,1.701
Lisboa,Lisboa,Santa Clara,Agosto 2017,1.712
Lisboa,Lisboa,Santa Clara,Julho 2017,1.724
Lisboa,Lisboa,Santa Clara,Junho 2017,2.026
Lisboa,Lisboa,Santa Clara,Maio 2017,2.007
Lisboa,Lisboa,Santa Clara,Abril 2017,1.879
Lisboa,Lisboa,Santa Clara,Março 2017,1.755
Lisboa,Lisboa,Santa Clara,Fevereiro 2017,1.851
Lisboa,Lisboa,Santa Clara,Janeiro 2017,1.892
Lisboa,Lisboa,Santa Clara,Dezembro 2016,1.857
Lisboa,Lisboa,Santa Clara,Novembro 2016,1.811
Lisboa,Lisboa,Santa Clara,Outubro 2016,1.843
Lisboa,Lisboa,Santa Clara,Setembro 2016,1.785
Lisboa,Lisboa,Santa Clara,Agosto 2016,1.789
Lisboa,Lisboa,Santa Clara,Julho 2016,1.667
Lisboa,Lisboa,Santa Clara,Junho 2016,1.669
Lisboa,Lisboa,Santa Clara,Maio 2016,1.657
Lisboa,Lisboa,Santa Clara,Abril 2016,1.505
Lisboa,Lisboa,Santa Clara,Março 2016,1.294
Lisboa,Lisboa,Santa Clara,Fevereiro 2016,1.294
Lisboa,Lisboa,Santa Clara,Janeiro 2016,1.424
Lisboa,Lisboa,Santa Clara,Dezembro 2015,1.386
Lisboa,Lisboa,Santa Clara,Novembro 2015,1.465
Lisboa,Lisboa,Santa Clara,Outubro 2015,1.462
Lisboa,Lisboa,Santa Clara,Setembro 2015,1.469
Lisboa,Lisboa,Santa Clara,Agosto 2015,1.486
Lisboa,Lisboa,Santa Clara,Julho 2015,1.583
Lisboa,Lisboa,Santa Clara,Junho 2015,1.562
Lisboa,Lisboa,Santa Clara,Maio 2015,1.525
Lisboa,Lisboa,Santa Clara,Abril 2015,1.461
Lisboa,Lisboa,Santa Clara,Março 2015,1.464
Lisboa,Lisboa,Santa Clara,Fevereiro 2015,n.a.
Lisboa,Lisboa,Santa Clara,Janeiro 2015,1.517
Lisboa,Lisboa,Santa Maria Maior,Dezembro 2019,5.637
Lisboa,Lisboa,Santa Maria Maior,Novembro 2019,5.493
Lisboa,Lisboa,Santa Maria Maior,Outubro 2019,5.494
Lisboa,Lisboa,Santa Maria Maior,Setembro 2019,5.487
Lisboa,Lisboa,Santa Maria Maior,Agosto 2019,5.612
Lisboa,Lisboa,Santa Maria Maior,Julho 2019,5.769
Lisboa,Lisboa,Santa Maria Maior,Junho 2019,5.681
Lisboa,Lisboa,Santa Maria Maior,Maio 2019,5.490
Lisboa,Lisboa,Santa Maria Maior,Abril 2019,5.449
Lisboa,Lisboa,Santa Maria Maior,Março 2019,5.427
Lisboa,Lisboa,Santa Maria Maior,Fevereiro 2019,5.374
Lisboa,Lisboa,Santa Maria Maior,Janeiro 2019,5.438
Lisboa,Lisboa,Santa Maria Maior,Dezembro 2018,5.500
Lisboa,Lisboa,Santa Maria Maior,Novembro 2018,5.447
Lisboa,Lisboa,Santa Maria Maior,Outubro 2018,5.447
Lisboa,Lisboa,Santa Maria Maior,Setembro 2018,5.438
Lisboa,Lisboa,Santa Maria Maior,Agosto 2018,5.410
Lisboa,Lisboa,Santa Maria Maior,Julho 2018,5.333
Lisboa,Lisboa,Santa Maria Maior,Junho 2018,5.161
Lisboa,Lisboa,Santa Maria Maior,Maio 2018,4.869
Lisboa,Lisboa,Santa Maria Maior,Abril 2018,4.741
Lisboa,Lisboa,Santa Maria Maior,Março 2018,4.634
Lisboa,Lisboa,Santa Maria Maior,Fevereiro 2018,4.595
Lisboa,Lisboa,Santa Maria Maior,Janeiro 2018,4.621
Lisboa,Lisboa,Santa Maria Maior,Dezembro 2017,4.468
Lisboa,Lisboa,Santa Maria Maior,Novembro 2017,4.415
Lisboa,Lisboa,Santa Maria Maior,Outubro 2017,4.354
Lisboa,Lisboa,Santa Maria Maior,Setembro 2017,4.336
Lisboa,Lisboa,Santa Maria Maior,Agosto 2017,4.336
Lisboa,Lisboa,Santa Maria Maior,Julho 2017,4.384
Lisboa,Lisboa,Santa Maria Maior,Junho 2017,4.439
Lisboa,Lisboa,Santa Maria Maior,Maio 2017,4.575
Lisboa,Lisboa,Santa Maria Maior,Abril 2017,4.586
Lisboa,Lisboa,Santa Maria Maior,Março 2017,4.582
Lisboa,Lisboa,Santa Maria Maior,Fevereiro 2017,4.534
Lisboa,Lisboa,Santa Maria Maior,Janeiro 2017,4.489
Lisboa,Lisboa,Santa Maria Maior,Dezembro 2016,4.510
Lisboa,Lisboa,Santa Maria Maior,Novembro 2016,4.385
Lisboa,Lisboa,Santa Maria Maior,Outubro 2016,4.178
Lisboa,Lisboa,Santa Maria Maior,Setembro 2016,4.148
Lisboa,Lisboa,Santa Maria Maior,Agosto 2016,4.077
Lisboa,Lisboa,Santa Maria Maior,Julho 2016,3.977
Lisboa,Lisboa,Santa Maria Maior,Junho 2016,4.060
Lisboa,Lisboa,Santa Maria Maior,Maio 2016,4.058
Lisboa,Lisboa,Santa Maria Maior,Abril 2016,4.080
Lisboa,Lisboa,Santa Maria Maior,Março 2016,4.148
Lisboa,Lisboa,Santa Maria Maior,Fevereiro 2016,3.844
Lisboa,Lisboa,Santa Maria Maior,Janeiro 2016,3.453
Lisboa,Lisboa,Santa Maria Maior,Dezembro 2015,3.161
Lisboa,Lisboa,Santa Maria Maior,Novembro 2015,3.115
Lisboa,Lisboa,Santa Maria Maior,Outubro 2015,3.162
Lisboa,Lisboa,Santa Maria Maior,Setembro 2015,3.061
Lisboa,Lisboa,Santa Maria Maior,Agosto 2015,3.087
Lisboa,Lisboa,Santa Maria Maior,Julho 2015,2.806
Lisboa,Lisboa,Santa Maria Maior,Junho 2015,n.a.
Lisboa,Lisboa,Santa Maria Maior,Maio 2015,n.a.
Lisboa,Lisboa,Santa Maria Maior,Abril 2015,n.a.
Lisboa,Lisboa,Santa Maria Maior,Março 2015,n.a.
Lisboa,Lisboa,Santa Maria Maior,Fevereiro 2015,2.496
Lisboa,Lisboa,Santa Maria Maior,Janeiro 2015,2.549
Lisboa,Lisboa,Santo António,Dezembro 2019,6.517
Lisboa,Lisboa,Santo António,Novembro 2019,6.558
Lisboa,Lisboa,Santo António,Outubro 2019,6.559
Lisboa,Lisboa,Santo António,Setembro 2019,6.531
Lisboa,Lisboa,Santo António,Agosto 2019,6.505
Lisboa,Lisboa,Santo António,Julho 2019,6.593
Lisboa,Lisboa,Santo António,Junho 2019,6.529
Lisboa,Lisboa,Santo António,Maio 2019,6.302
Lisboa,Lisboa,Santo António,Abril 2019,6.241
Lisboa,Lisboa,Santo António,Março 2019,6.240
Lisboa,Lisboa,Santo António,Fevereiro 2019,6.257
Lisboa,Lisboa,Santo António,Janeiro 2019,6.270
Lisboa,Lisboa,Santo António,Dezembro 2018,6.218
Lisboa,Lisboa,Santo António,Novembro 2018,6.146
Lisboa,Lisboa,Santo António,Outubro 2018,6.098
Lisboa,Lisboa,Santo António,Setembro 2018,5.995
Lisboa,Lisboa,Santo António,Agosto 2018,5.699
Lisboa,Lisboa,Santo António,Julho 2018,5.730
Lisboa,Lisboa,Santo António,Junho 2018,5.744
Lisboa,Lisboa,Santo António,Maio 2018,5.724
Lisboa,Lisboa,Santo António,Abril 2018,5.677
Lisboa,Lisboa,Santo António,Março 2018,5.677
Lisboa,Lisboa,Santo António,Fevereiro 2018,5.651
Lisboa,Lisboa,Santo António,Janeiro 2018,5.787
Lisboa,Lisboa,Santo António,Dezembro 2017,5.778
Lisboa,Lisboa,Santo António,Novembro 2017,5.749
Lisboa,Lisboa,Santo António,Outubro 2017,5.766
Lisboa,Lisboa,Santo António,Setembro 2017,5.750
Lisboa,Lisboa,Santo António,Agosto 2017,5.822
Lisboa,Lisboa,Santo António,Julho 2017,5.709
Lisboa,Lisboa,Santo António,Junho 2017,5.616
Lisboa,Lisboa,Santo António,Maio 2017,5.522
Lisboa,Lisboa,Santo António,Abril 2017,5.539
Lisboa,Lisboa,Santo António,Março 2017,5.408
Lisboa,Lisboa,Santo António,Fevereiro 2017,5.445
Lisboa,Lisboa,Santo António,Janeiro 2017,5.473
Lisboa,Lisboa,Santo António,Dezembro 2016,5.670
Lisboa,Lisboa,Santo António,Novembro 2016,5.968
Lisboa,Lisboa,Santo António,Outubro 2016,5.865
Lisboa,Lisboa,Santo António,Setembro 2016,5.623
Lisboa,Lisboa,Santo António,Agosto 2016,5.270
Lisboa,Lisboa,Santo António,Julho 2016,5.190
Lisboa,Lisboa,Santo António,Junho 2016,5.244
Lisboa,Lisboa,Santo António,Maio 2016,5.262
Lisboa,Lisboa,Santo António,Abril 2016,4.312
Lisboa,Lisboa,Santo António,Março 2016,3.800
Lisboa,Lisboa,Santo António,Fevereiro 2016,3.316
Lisboa,Lisboa,Santo António,Janeiro 2016,3.346
Lisboa,Lisboa,Santo António,Dezembro 2015,4.235
Lisboa,Lisboa,Santo António,Novembro 2015,4.232
Lisboa,Lisboa,Santo António,Outubro 2015,3.466
Lisboa,Lisboa,Santo António,Setembro 2015,2.677
Lisboa,Lisboa,Santo António,Agosto 2015,2.739
Lisboa,Lisboa,Santo António,Julho 2015,2.652
Lisboa,Lisboa,Santo António,Junho 2015,2.618
Lisboa,Lisboa,Santo António,Maio 2015,2.501
Lisboa,Lisboa,Santo António,Abril 2015,2.482
Lisboa,Lisboa,Santo António,Março 2015,2.429
Lisboa,Lisboa,Santo António,Fevereiro 2015,2.418
Lisboa,Lisboa,Santo António,Janeiro 2015,2.329
Lisboa,Lisboa,São Domingos de Benfica,Dezembro 2019,3.712
Lisboa,Lisboa,São Domingos de Benfica,Novembro 2019,3.750
Lisboa,Lisboa,São Domingos de Benfica,Outubro 2019,3.796
Lisboa,Lisboa,São Domingos de Benfica,Setembro 2019,3.754
Lisboa,Lisboa,São Domingos de Benfica,Agosto 2019,3.755
Lisboa,Lisboa,São Domingos de Benfica,Julho 2019,3.682
Lisboa,Lisboa,São Domingos de Benfica,Junho 2019,3.651
Lisboa,Lisboa,São Domingos de Benfica,Maio 2019,3.633
Lisboa,Lisboa,São Domingos de Benfica,Abril 2019,3.645
Lisboa,Lisboa,São Domingos de Benfica,Março 2019,3.682
Lisboa,Lisboa,São Domingos de Benfica,Fevereiro 2019,3.635
Lisboa,Lisboa,São Domingos de Benfica,Janeiro 2019,3.725
Lisboa,Lisboa,São Domingos de Benfica,Dezembro 2018,3.768
Lisboa,Lisboa,São Domingos de Benfica,Novembro 2018,3.757
Lisboa,Lisboa,São Domingos de Benfica,Outubro 2018,3.746
Lisboa,Lisboa,São Domingos de Benfica,Setembro 2018,3.676
Lisboa,Lisboa,São Domingos de Benfica,Agosto 2018,3.634
Lisboa,Lisboa,São Domingos de Benfica,Julho 2018,3.607
Lisboa,Lisboa,São Domingos de Benfica,Junho 2018,3.608
Lisboa,Lisboa,São Domingos de Benfica,Maio 2018,3.566
Lisboa,Lisboa,São Domingos de Benfica,Abril 2018,3.562
Lisboa,Lisboa,São Domingos de Benfica,Março 2018,3.650
Lisboa,Lisboa,São Domingos de Benfica,Fevereiro 2018,3.624
Lisboa,Lisboa,São Domingos de Benfica,Janeiro 2018,3.595
Lisboa,Lisboa,São Domingos de Benfica,Dezembro 2017,3.750
Lisboa,Lisboa,São Domingos de Benfica,Novembro 2017,3.745
Lisboa,Lisboa,São Domingos de Benfica,Outubro 2017,3.354
Lisboa,Lisboa,São Domingos de Benfica,Setembro 2017,3.286
Lisboa,Lisboa,São Domingos de Benfica,Agosto 2017,3.247
Lisboa,Lisboa,São Domingos de Benfica,Julho 2017,3.209
Lisboa,Lisboa,São Domingos de Benfica,Junho 2017,3.275
Lisboa,Lisboa,São Domingos de Benfica,Maio 2017,3.317
Lisboa,Lisboa,São Domingos de Benfica,Abril 2017,3.064
Lisboa,Lisboa,São Domingos de Benfica,Março 2017,3.067
Lisboa,Lisboa,São Domingos de Benfica,Fevereiro 2017,2.850
Lisboa,Lisboa,São Domingos de Benfica,Janeiro 2017,2.908
Lisboa,Lisboa,São Domingos de Benfica,Dezembro 2016,2.868
Lisboa,Lisboa,São Domingos de Benfica,Novembro 2016,2.555
Lisboa,Lisboa,São Domingos de Benfica,Outubro 2016,2.488
Lisboa,Lisboa,São Domingos de Benfica,Setembro 2016,2.496
Lisboa,Lisboa,São Domingos de Benfica,Agosto 2016,2.327
Lisboa,Lisboa,São Domingos de Benfica,Julho 2016,2.246
Lisboa,Lisboa,São Domingos de Benfica,Junho 2016,2.277
Lisboa,Lisboa,São Domingos de Benfica,Maio 2016,2.311
Lisboa,Lisboa,São Domingos de Benfica,Abril 2016,2.401
Lisboa,Lisboa,São Domingos de Benfica,Março 2016,2.465
Lisboa,Lisboa,São Domingos de Benfica,Fevereiro 2016,2.504
Lisboa,Lisboa,São Domingos de Benfica,Janeiro 2016,2.379
Lisboa,Lisboa,São Domingos de Benfica,Dezembro 2015,2.262
Lisboa,Lisboa,São Domingos de Benfica,Novembro 2015,2.170
Lisboa,Lisboa,São Domingos de Benfica,Outubro 2015,1.953
Lisboa,Lisboa,São Domingos de Benfica,Setembro 2015,1.838
Lisboa,Lisboa,São Domingos de Benfica,Agosto 2015,1.831
Lisboa,Lisboa,São Domingos de Benfica,Julho 2015,1.744
Lisboa,Lisboa,São Domingos de Benfica,Junho 2015,1.676
Lisboa,Lisboa,São Domingos de Benfica,Maio 2015,1.788
Lisboa,Lisboa,São Domingos de Benfica,Abril 2015,1.789
Lisboa,Lisboa,São Domingos de Benfica,Março 2015,1.844
Lisboa,Lisboa,São Domingos de Benfica,Fevereiro 2015,1.830
Lisboa,Lisboa,São Domingos de Benfica,Janeiro 2015,1.836
Lisboa,Lisboa,São Vicente,Dezembro 2019,4.221
Lisboa,Lisboa,São Vicente,Novembro 2019,4.209
Lisboa,Lisboa,São Vicente,Outubro 2019,4.181
Lisboa,Lisboa,São Vicente,Setembro 2019,4.138
Lisboa,Lisboa,São Vicente,Agosto 2019,4.174
Lisboa,Lisboa,São Vicente,Julho 2019,4.211
Lisboa,Lisboa,São Vicente,Junho 2019,4.169
Lisboa,Lisboa,São Vicente,Maio 2019,4.127
Lisboa,Lisboa,São Vicente,Abril 2019,4.082
Lisboa,Lisboa,São Vicente,Março 2019,4.049
Lisboa,Lisboa,São Vicente,Fevereiro 2019,4.058
Lisboa,Lisboa,São Vicente,Janeiro 2019,3.991
Lisboa,Lisboa,São Vicente,Dezembro 2018,4.006
Lisboa,Lisboa,São Vicente,Novembro 2018,4.083
Lisboa,Lisboa,São Vicente,Outubro 2018,4.190
Lisboa,Lisboa,São Vicente,Setembro 2018,4.193
Lisboa,Lisboa,São Vicente,Agosto 2018,4.128
Lisboa,Lisboa,São Vicente,Julho 2018,4.043
Lisboa,Lisboa,São Vicente,Junho 2018,4.030
Lisboa,Lisboa,São Vicente,Maio 2018,4.047
Lisboa,Lisboa,São Vicente,Abril 2018,4.014
Lisboa,Lisboa,São Vicente,Março 2018,3.861
Lisboa,Lisboa,São Vicente,Fevereiro 2018,3.754
Lisboa,Lisboa,São Vicente,Janeiro 2018,3.673
Lisboa,Lisboa,São Vicente,Dezembro 2017,3.617
Lisboa,Lisboa,São Vicente,Novembro 2017,3.517
Lisboa,Lisboa,São Vicente,Outubro 2017,3.507
Lisboa,Lisboa,São Vicente,Setembro 2017,3.409
Lisboa,Lisboa,São Vicente,Agosto 2017,3.284
Lisboa,Lisboa,São Vicente,Julho 2017,3.366
Lisboa,Lisboa,São Vicente,Junho 2017,3.420
Lisboa,Lisboa,São Vicente,Maio 2017,3.428
Lisboa,Lisboa,São Vicente,Abril 2017,3.328
Lisboa,Lisboa,São Vicente,Março 2017,3.322
Lisboa,Lisboa,São Vicente,Fevereiro 2017,3.203
Lisboa,Lisboa,São Vicente,Janeiro 2017,3.129
Lisboa,Lisboa,São Vicente,Dezembro 2016,2.902
Lisboa,Lisboa,São Vicente,Novembro 2016,2.878
Lisboa,Lisboa,São Vicente,Outubro 2016,2.859
Lisboa,Lisboa,São Vicente,Setembro 2016,2.802
Lisboa,Lisboa,São Vicente,Agosto 2016,2.970
Lisboa,Lisboa,São Vicente,Julho 2016,2.730
Lisboa,Lisboa,São Vicente,Junho 2016,2.504
Lisboa,Lisboa,São Vicente,Maio 2016,2.387
Lisboa,Lisboa,São Vicente,Abril 2016,2.305
Lisboa,Lisboa,São Vicente,Março 2016,2.205
Lisboa,Lisboa,São Vicente,Fevereiro 2016,2.138
Lisboa,Lisboa,São Vicente,Janeiro 2016,2.013
Lisboa,Lisboa,São Vicente,Dezembro 2015,2.169
Lisboa,Lisboa,São Vicente,Novembro 2015,2.167
Lisboa,Lisboa,São Vicente,Outubro 2015,2.143
Lisboa,Lisboa,São Vicente,Setembro 2015,2.077
Lisboa,Lisboa,São Vicente,Agosto 2015,2.066
Lisboa,Lisboa,São Vicente,Julho 2015,2.059
Lisboa,Lisboa,São Vicente,Junho 2015,2.009
Lisboa,Lisboa,São Vicente,Maio 2015,2.026
Lisboa,Lisboa,São Vicente,Abril 2015,2.060
Lisboa,Lisboa,São Vicente,Março 2015,1.977
Lisboa,Lisboa,São Vicente,Fevereiro 2015,1.990
Lisboa,Lisboa,São Vicente,Janeiro 2015,1.998
